{
  "features": [
    {
      "geometry": {
        "coordinates": [
          -99.171713,
          19.428309
        ],
        "type": "Point"
      },
      "properties": {
        "bike_pickups_r_minus": 7,
        "bike_returns_r_plus": 0,
        "district_idx": 1,
        "is_hub": false,
        "marker-color": "#e6194B",
        "marker-size": "medium",
        "marker-symbol": "bicycle",
        "net_flow": 7,
        "priority_tier": 3,
        "station_id": 4,
        "title": "Station #4 "
      },
      "type": "Feature"
    },
    {
      "geometry": {
        "coordinates": [
          [
            -99.171713,
            19.428309
          ],
          [
            -99.171407,
            19.420801
          ]
        ],
        "type": "LineString"
      },
      "properties": {
        "distance_meters": 836,
        "district_idx": 1,
        "stroke": "#e6194B",
        "stroke-opacity": 0.5,
        "stroke-width": 1.5
      },
      "type": "Feature"
    },
    {
      "geometry": {
        "coordinates": [
          -99.169363,
          19.42972
        ],
        "type": "Point"
      },
      "properties": {
        "bike_pickups_r_minus": 6,
        "bike_returns_r_plus": 0,
        "district_idx": 1,
        "is_hub": false,
        "marker-color": "#e6194B",
        "marker-size": "medium",
        "marker-symbol": "bicycle",
        "net_flow": 6,
        "priority_tier": 4,
        "station_id": 5,
        "title": "Station #5 "
      },
      "type": "Feature"
    },
    {
      "geometry": {
        "coordinates": [
          [
            -99.169363,
            19.42972
          ],
          [
            -99.171407,
            19.420801
          ]
        ],
        "type": "LineString"
      },
      "properties": {
        "distance_meters": 1015,
        "district_idx": 1,
        "stroke": "#e6194B",
        "stroke-opacity": 0.5,
        "stroke-width": 1.5
      },
      "type": "Feature"
    },
    {
      "geometry": {
        "coordinates": [
          -99.175166,
          19.425468
        ],
        "type": "Point"
      },
      "properties": {
        "bike_pickups_r_minus": 3,
        "bike_returns_r_plus": 0,
        "district_idx": 1,
        "is_hub": false,
        "marker-color": "#e6194B",
        "marker-size": "medium",
        "marker-symbol": "bicycle",
        "net_flow": 3,
        "priority_tier": 1,
        "station_id": 7,
        "title": "Station #7 "
      },
      "type": "Feature"
    },
    {
      "geometry": {
        "coordinates": [
          [
            -99.175166,
            19.425468
          ],
          [
            -99.171407,
            19.420801
          ]
        ],
        "type": "LineString"
      },
      "properties": {
        "distance_meters": 652,
        "district_idx": 1,
        "stroke": "#e6194B",
        "stroke-opacity": 0.5,
        "stroke-width": 1.5
      },
      "type": "Feature"
    },
    {
      "geometry": {
        "coordinates": [
          -99.169918,
          19.428009
        ],
        "type": "Point"
      },
      "properties": {
        "bike_pickups_r_minus": 11,
        "bike_returns_r_plus": 0,
        "district_idx": 1,
        "is_hub": false,
        "marker-color": "#e6194B",
        "marker-size": "medium",
        "marker-symbol": "bicycle",
        "net_flow": 11,
        "priority_tier": 2,
        "station_id": 9,
        "title": "Station #9 "
      },
      "type": "Feature"
    },
    {
      "geometry": {
        "coordinates": [
          [
            -99.169918,
            19.428009
          ],
          [
            -99.171407,
            19.420801
          ]
        ],
        "type": "LineString"
      },
      "properties": {
        "distance_meters": 817,
        "district_idx": 1,
        "stroke": "#e6194B",
        "stroke-opacity": 0.5,
        "stroke-width": 1.5
      },
      "type": "Feature"
    },
    {
      "geometry": {
        "coordinates": [
          -99.175558,
          19.423778
        ],
        "type": "Point"
      },
      "properties": {
        "bike_pickups_r_minus": 8,
        "bike_returns_r_plus": 0,
        "district_idx": 1,
        "is_hub": false,
        "marker-color": "#e6194B",
        "marker-size": "medium",
        "marker-symbol": "bicycle",
        "net_flow": 8,
        "priority_tier": 1,
        "station_id": 13,
        "title": "Station #13 "
      },
      "type": "Feature"
    },
    {
      "geometry": {
        "coordinates": [
          [
            -99.175558,
            19.423778
          ],
          [
            -99.171407,
            19.420801
          ]
        ],
        "type": "LineString"
      },
      "properties": {
        "distance_meters": 547,
        "district_idx": 1,
        "stroke": "#e6194B",
        "stroke-opacity": 0.5,
        "stroke-width": 1.5
      },
      "type": "Feature"
    },
    {
      "geometry": {
        "coordinates": [
          -99.173261,
          19.424768
        ],
        "type": "Point"
      },
      "properties": {
        "bike_pickups_r_minus": 12,
        "bike_returns_r_plus": 0,
        "district_idx": 1,
        "is_hub": false,
        "marker-color": "#e6194B",
        "marker-size": "medium",
        "marker-symbol": "bicycle",
        "net_flow": 12,
        "priority_tier": 1,
        "station_id": 14,
        "title": "Station #14 "
      },
      "type": "Feature"
    },
    {
      "geometry": {
        "coordinates": [
          [
            -99.173261,
            19.424768
          ],
          [
            -99.171407,
            19.420801
          ]
        ],
        "type": "LineString"
      },
      "properties": {
        "distance_meters": 482,
        "district_idx": 1,
        "stroke": "#e6194B",
        "stroke-opacity": 0.5,
        "stroke-width": 1.5
      },
      "type": "Feature"
    },
    {
      "geometry": {
        "coordinates": [
          -99.171567,
          19.425477
        ],
        "type": "Point"
      },
      "properties": {
        "bike_pickups_r_minus": 0,
        "bike_returns_r_plus": 0,
        "district_idx": 1,
        "is_hub": false,
        "marker-color": "#e6194B",
        "marker-size": "medium",
        "marker-symbol": "bicycle",
        "net_flow": 0,
        "priority_tier": 1,
        "station_id": 15,
        "title": "Station #15 "
      },
      "type": "Feature"
    },
    {
      "geometry": {
        "coordinates": [
          [
            -99.171567,
            19.425477
          ],
          [
            -99.171407,
            19.420801
          ]
        ],
        "type": "LineString"
      },
      "properties": {
        "distance_meters": 520,
        "district_idx": 1,
        "stroke": "#e6194B",
        "stroke-opacity": 0.5,
        "stroke-width": 1.5
      },
      "type": "Feature"
    },
    {
      "geometry": {
        "coordinates": [
          -99.169164,
          19.42653
        ],
        "type": "Point"
      },
      "properties": {
        "bike_pickups_r_minus": 5,
        "bike_returns_r_plus": 0,
        "district_idx": 1,
        "is_hub": false,
        "marker-color": "#e6194B",
        "marker-size": "medium",
        "marker-symbol": "bicycle",
        "net_flow": 5,
        "priority_tier": 1,
        "station_id": 16,
        "title": "Station #16 "
      },
      "type": "Feature"
    },
    {
      "geometry": {
        "coordinates": [
          [
            -99.169164,
            19.42653
          ],
          [
            -99.171407,
            19.420801
          ]
        ],
        "type": "LineString"
      },
      "properties": {
        "distance_meters": 679,
        "district_idx": 1,
        "stroke": "#e6194B",
        "stroke-opacity": 0.5,
        "stroke-width": 1.5
      },
      "type": "Feature"
    },
    {
      "geometry": {
        "coordinates": [
          -99.167125,
          19.427501
        ],
        "type": "Point"
      },
      "properties": {
        "bike_pickups_r_minus": 8,
        "bike_returns_r_plus": 0,
        "district_idx": 1,
        "is_hub": false,
        "marker-color": "#e6194B",
        "marker-size": "medium",
        "marker-symbol": "bicycle",
        "net_flow": 8,
        "priority_tier": 1,
        "station_id": 17,
        "title": "Station #17 "
      },
      "type": "Feature"
    },
    {
      "geometry": {
        "coordinates": [
          [
            -99.167125,
            19.427501
          ],
          [
            -99.171407,
            19.420801
          ]
        ],
        "type": "LineString"
      },
      "properties": {
        "distance_meters": 870,
        "district_idx": 1,
        "stroke": "#e6194B",
        "stroke-opacity": 0.5,
        "stroke-width": 1.5
      },
      "type": "Feature"
    },
    {
      "geometry": {
        "coordinates": [
          -99.175124,
          19.423317
        ],
        "type": "Point"
      },
      "properties": {
        "bike_pickups_r_minus": 0,
        "bike_returns_r_plus": 1,
        "district_idx": 1,
        "is_hub": false,
        "marker-color": "#e6194B",
        "marker-size": "medium",
        "marker-symbol": "bicycle",
        "net_flow": -1,
        "priority_tier": 1,
        "station_id": 21,
        "title": "Station #21 "
      },
      "type": "Feature"
    },
    {
      "geometry": {
        "coordinates": [
          [
            -99.175124,
            19.423317
          ],
          [
            -99.171407,
            19.420801
          ]
        ],
        "type": "LineString"
      },
      "properties": {
        "distance_meters": 480,
        "district_idx": 1,
        "stroke": "#e6194B",
        "stroke-opacity": 0.5,
        "stroke-width": 1.5
      },
      "type": "Feature"
    },
    {
      "geometry": {
        "coordinates": [
          -99.172575,
          19.424375
        ],
        "type": "Point"
      },
      "properties": {
        "bike_pickups_r_minus": 0,
        "bike_returns_r_plus": 0,
        "district_idx": 1,
        "is_hub": false,
        "marker-color": "#e6194B",
        "marker-size": "medium",
        "marker-symbol": "bicycle",
        "net_flow": 0,
        "priority_tier": 1,
        "station_id": 22,
        "title": "Station #22 "
      },
      "type": "Feature"
    },
    {
      "geometry": {
        "coordinates": [
          [
            -99.172575,
            19.424375
          ],
          [
            -99.171407,
            19.420801
          ]
        ],
        "type": "LineString"
      },
      "properties": {
        "distance_meters": 416,
        "district_idx": 1,
        "stroke": "#e6194B",
        "stroke-opacity": 0.5,
        "stroke-width": 1.5
      },
      "type": "Feature"
    },
    {
      "geometry": {
        "coordinates": [
          -99.170414,
          19.425483
        ],
        "type": "Point"
      },
      "properties": {
        "bike_pickups_r_minus": 0,
        "bike_returns_r_plus": 0,
        "district_idx": 1,
        "is_hub": false,
        "marker-color": "#e6194B",
        "marker-size": "medium",
        "marker-symbol": "bicycle",
        "net_flow": 0,
        "priority_tier": 1,
        "station_id": 23,
        "title": "Station #23 "
      },
      "type": "Feature"
    },
    {
      "geometry": {
        "coordinates": [
          [
            -99.170414,
            19.425483
          ],
          [
            -99.171407,
            19.420801
          ]
        ],
        "type": "LineString"
      },
      "properties": {
        "distance_meters": 531,
        "district_idx": 1,
        "stroke": "#e6194B",
        "stroke-opacity": 0.5,
        "stroke-width": 1.5
      },
      "type": "Feature"
    },
    {
      "geometry": {
        "coordinates": [
          -99.168992,
          19.426102
        ],
        "type": "Point"
      },
      "properties": {
        "bike_pickups_r_minus": 0,
        "bike_returns_r_plus": 0,
        "district_idx": 1,
        "is_hub": false,
        "marker-color": "#e6194B",
        "marker-size": "medium",
        "marker-symbol": "bicycle",
        "net_flow": 0,
        "priority_tier": 1,
        "station_id": 24,
        "title": "Station #24 "
      },
      "type": "Feature"
    },
    {
      "geometry": {
        "coordinates": [
          [
            -99.168992,
            19.426102
          ],
          [
            -99.171407,
            19.420801
          ]
        ],
        "type": "LineString"
      },
      "properties": {
        "distance_meters": 642,
        "district_idx": 1,
        "stroke": "#e6194B",
        "stroke-opacity": 0.5,
        "stroke-width": 1.5
      },
      "type": "Feature"
    },
    {
      "geometry": {
        "coordinates": [
          -99.166946,
          19.426944
        ],
        "type": "Point"
      },
      "properties": {
        "bike_pickups_r_minus": 0,
        "bike_returns_r_plus": 0,
        "district_idx": 1,
        "is_hub": false,
        "marker-color": "#e6194B",
        "marker-size": "medium",
        "marker-symbol": "bicycle",
        "net_flow": 0,
        "priority_tier": 1,
        "station_id": 25,
        "title": "Station #25 "
      },
      "type": "Feature"
    },
    {
      "geometry": {
        "coordinates": [
          [
            -99.166946,
            19.426944
          ],
          [
            -99.171407,
            19.420801
          ]
        ],
        "type": "LineString"
      },
      "properties": {
        "distance_meters": 828,
        "district_idx": 1,
        "stroke": "#e6194B",
        "stroke-opacity": 0.5,
        "stroke-width": 1.5
      },
      "type": "Feature"
    },
    {
      "geometry": {
        "coordinates": [
          -99.172494,
          19.423542
        ],
        "type": "Point"
      },
      "properties": {
        "bike_pickups_r_minus": 5,
        "bike_returns_r_plus": 0,
        "district_idx": 1,
        "is_hub": false,
        "marker-color": "#e6194B",
        "marker-size": "medium",
        "marker-symbol": "bicycle",
        "net_flow": 5,
        "priority_tier": 1,
        "station_id": 28,
        "title": "Station #28 "
      },
      "type": "Feature"
    },
    {
      "geometry": {
        "coordinates": [
          [
            -99.172494,
            19.423542
          ],
          [
            -99.171407,
            19.420801
          ]
        ],
        "type": "LineString"
      },
      "properties": {
        "distance_meters": 325,
        "district_idx": 1,
        "stroke": "#e6194B",
        "stroke-opacity": 0.5,
        "stroke-width": 1.5
      },
      "type": "Feature"
    },
    {
      "geometry": {
        "coordinates": [
          -99.169922,
          19.422705
        ],
        "type": "Point"
      },
      "properties": {
        "bike_pickups_r_minus": 7,
        "bike_returns_r_plus": 0,
        "district_idx": 1,
        "is_hub": false,
        "marker-color": "#e6194B",
        "marker-size": "medium",
        "marker-symbol": "bicycle",
        "net_flow": 7,
        "priority_tier": 2,
        "station_id": 32,
        "title": "Station #32 "
      },
      "type": "Feature"
    },
    {
      "geometry": {
        "coordinates": [
          [
            -99.169922,
            19.422705
          ],
          [
            -99.171407,
            19.420801
          ]
        ],
        "type": "LineString"
      },
      "properties": {
        "distance_meters": 263,
        "district_idx": 1,
        "stroke": "#e6194B",
        "stroke-opacity": 0.5,
        "stroke-width": 1.5
      },
      "type": "Feature"
    },
    {
      "geometry": {
        "coordinates": [
          -99.166431,
          19.424234
        ],
        "type": "Point"
      },
      "properties": {
        "bike_pickups_r_minus": 13,
        "bike_returns_r_plus": 0,
        "district_idx": 1,
        "is_hub": false,
        "marker-color": "#e6194B",
        "marker-size": "medium",
        "marker-symbol": "bicycle",
        "net_flow": 13,
        "priority_tier": 3,
        "station_id": 33,
        "title": "Station #33 "
      },
      "type": "Feature"
    },
    {
      "geometry": {
        "coordinates": [
          [
            -99.166431,
            19.424234
          ],
          [
            -99.171407,
            19.420801
          ]
        ],
        "type": "LineString"
      },
      "properties": {
        "distance_meters": 647,
        "district_idx": 1,
        "stroke": "#e6194B",
        "stroke-opacity": 0.5,
        "stroke-width": 1.5
      },
      "type": "Feature"
    },
    {
      "geometry": {
        "coordinates": [
          -99.175778,
          19.419725
        ],
        "type": "Point"
      },
      "properties": {
        "bike_pickups_r_minus": 1,
        "bike_returns_r_plus": 0,
        "district_idx": 1,
        "is_hub": false,
        "marker-color": "#e6194B",
        "marker-size": "medium",
        "marker-symbol": "bicycle",
        "net_flow": 1,
        "priority_tier": 2,
        "station_id": 36,
        "title": "Station #36 "
      },
      "type": "Feature"
    },
    {
      "geometry": {
        "coordinates": [
          [
            -99.175778,
            19.419725
          ],
          [
            -99.171407,
            19.420801
          ]
        ],
        "type": "LineString"
      },
      "properties": {
        "distance_meters": 474,
        "district_idx": 1,
        "stroke": "#e6194B",
        "stroke-opacity": 0.5,
        "stroke-width": 1.5
      },
      "type": "Feature"
    },
    {
      "geometry": {
        "coordinates": [
          -99.172676,
          19.420419
        ],
        "type": "Point"
      },
      "properties": {
        "bike_pickups_r_minus": 1,
        "bike_returns_r_plus": 0,
        "district_idx": 1,
        "is_hub": false,
        "marker-color": "#e6194B",
        "marker-size": "medium",
        "marker-symbol": "bicycle",
        "net_flow": 1,
        "priority_tier": 3,
        "station_id": 37,
        "title": "Station #37 "
      },
      "type": "Feature"
    },
    {
      "geometry": {
        "coordinates": [
          [
            -99.172676,
            19.420419
          ],
          [
            -99.171407,
            19.420801
          ]
        ],
        "type": "LineString"
      },
      "properties": {
        "distance_meters": 140,
        "district_idx": 1,
        "stroke": "#e6194B",
        "stroke-opacity": 0.5,
        "stroke-width": 1.5
      },
      "type": "Feature"
    },
    {
      "geometry": {
        "coordinates": [
          -99.171407,
          19.420801
        ],
        "type": "Point"
      },
      "properties": {
        "bike_pickups_r_minus": 15,
        "bike_returns_r_plus": 0,
        "district_idx": 1,
        "is_hub": true,
        "marker-color": "#e6194B",
        "marker-size": "large",
        "marker-symbol": "star",
        "net_flow": 15,
        "priority_tier": 2,
        "station_id": 38,
        "title": "Station #38 ★ (HUB)"
      },
      "type": "Feature"
    },
    {
      "geometry": {
        "coordinates": [
          -99.167153,
          19.422484
        ],
        "type": "Point"
      },
      "properties": {
        "bike_pickups_r_minus": 7,
        "bike_returns_r_plus": 0,
        "district_idx": 1,
        "is_hub": false,
        "marker-color": "#e6194B",
        "marker-size": "medium",
        "marker-symbol": "bicycle",
        "net_flow": 7,
        "priority_tier": 2,
        "station_id": 39,
        "title": "Station #39 "
      },
      "type": "Feature"
    },
    {
      "geometry": {
        "coordinates": [
          [
            -99.167153,
            19.422484
          ],
          [
            -99.171407,
            19.420801
          ]
        ],
        "type": "LineString"
      },
      "properties": {
        "distance_meters": 484,
        "district_idx": 1,
        "stroke": "#e6194B",
        "stroke-opacity": 0.5,
        "stroke-width": 1.5
      },
      "type": "Feature"
    },
    {
      "geometry": {
        "coordinates": [
          -99.168238,
          19.420472
        ],
        "type": "Point"
      },
      "properties": {
        "bike_pickups_r_minus": 0,
        "bike_returns_r_plus": 1,
        "district_idx": 1,
        "is_hub": false,
        "marker-color": "#e6194B",
        "marker-size": "medium",
        "marker-symbol": "bicycle",
        "net_flow": -1,
        "priority_tier": 3,
        "station_id": 42,
        "title": "Station #42 "
      },
      "type": "Feature"
    },
    {
      "geometry": {
        "coordinates": [
          [
            -99.168238,
            19.420472
          ],
          [
            -99.171407,
            19.420801
          ]
        ],
        "type": "LineString"
      },
      "properties": {
        "distance_meters": 334,
        "district_idx": 1,
        "stroke": "#e6194B",
        "stroke-opacity": 0.5,
        "stroke-width": 1.5
      },
      "type": "Feature"
    },
    {
      "geometry": {
        "coordinates": [
          -99.174761,
          19.418057
        ],
        "type": "Point"
      },
      "properties": {
        "bike_pickups_r_minus": 0,
        "bike_returns_r_plus": 3,
        "district_idx": 1,
        "is_hub": false,
        "marker-color": "#e6194B",
        "marker-size": "medium",
        "marker-symbol": "bicycle",
        "net_flow": -3,
        "priority_tier": 2,
        "station_id": 44,
        "title": "Station #44 "
      },
      "type": "Feature"
    },
    {
      "geometry": {
        "coordinates": [
          [
            -99.174761,
            19.418057
          ],
          [
            -99.171407,
            19.420801
          ]
        ],
        "type": "LineString"
      },
      "properties": {
        "distance_meters": 466,
        "district_idx": 1,
        "stroke": "#e6194B",
        "stroke-opacity": 0.5,
        "stroke-width": 1.5
      },
      "type": "Feature"
    },
    {
      "geometry": {
        "coordinates": [
          -99.172127,
          19.418649
        ],
        "type": "Point"
      },
      "properties": {
        "bike_pickups_r_minus": 0,
        "bike_returns_r_plus": 0,
        "district_idx": 1,
        "is_hub": false,
        "marker-color": "#e6194B",
        "marker-size": "medium",
        "marker-symbol": "bicycle",
        "net_flow": 0,
        "priority_tier": 1,
        "station_id": 45,
        "title": "Station #45 "
      },
      "type": "Feature"
    },
    {
      "geometry": {
        "coordinates": [
          [
            -99.172127,
            19.418649
          ],
          [
            -99.171407,
            19.420801
          ]
        ],
        "type": "LineString"
      },
      "properties": {
        "distance_meters": 251,
        "district_idx": 1,
        "stroke": "#e6194B",
        "stroke-opacity": 0.5,
        "stroke-width": 1.5
      },
      "type": "Feature"
    },
    {
      "geometry": {
        "coordinates": [
          -99.169732,
          19.419214
        ],
        "type": "Point"
      },
      "properties": {
        "bike_pickups_r_minus": 12,
        "bike_returns_r_plus": 0,
        "district_idx": 1,
        "is_hub": false,
        "marker-color": "#e6194B",
        "marker-size": "medium",
        "marker-symbol": "bicycle",
        "net_flow": 12,
        "priority_tier": 4,
        "station_id": 46,
        "title": "Station #46 "
      },
      "type": "Feature"
    },
    {
      "geometry": {
        "coordinates": [
          [
            -99.169732,
            19.419214
          ],
          [
            -99.171407,
            19.420801
          ]
        ],
        "type": "LineString"
      },
      "properties": {
        "distance_meters": 249,
        "district_idx": 1,
        "stroke": "#e6194B",
        "stroke-opacity": 0.5,
        "stroke-width": 1.5
      },
      "type": "Feature"
    },
    {
      "geometry": {
        "coordinates": [
          -99.166299,
          19.419515
        ],
        "type": "Point"
      },
      "properties": {
        "bike_pickups_r_minus": 11,
        "bike_returns_r_plus": 0,
        "district_idx": 1,
        "is_hub": false,
        "marker-color": "#e6194B",
        "marker-size": "medium",
        "marker-symbol": "bicycle",
        "net_flow": 11,
        "priority_tier": 2,
        "station_id": 47,
        "title": "Station #47 "
      },
      "type": "Feature"
    },
    {
      "geometry": {
        "coordinates": [
          [
            -99.166299,
            19.419515
          ],
          [
            -99.171407,
            19.420801
          ]
        ],
        "type": "LineString"
      },
      "properties": {
        "distance_meters": 555,
        "district_idx": 1,
        "stroke": "#e6194B",
        "stroke-opacity": 0.5,
        "stroke-width": 1.5
      },
      "type": "Feature"
    },
    {
      "geometry": {
        "coordinates": [
          -99.175704,
          19.416712
        ],
        "type": "Point"
      },
      "properties": {
        "bike_pickups_r_minus": 0,
        "bike_returns_r_plus": 9,
        "district_idx": 1,
        "is_hub": false,
        "marker-color": "#e6194B",
        "marker-size": "medium",
        "marker-symbol": "bicycle",
        "net_flow": -9,
        "priority_tier": 3,
        "station_id": 49,
        "title": "Station #49 "
      },
      "type": "Feature"
    },
    {
      "geometry": {
        "coordinates": [
          [
            -99.175704,
            19.416712
          ],
          [
            -99.171407,
            19.420801
          ]
        ],
        "type": "LineString"
      },
      "properties": {
        "distance_meters": 640,
        "district_idx": 1,
        "stroke": "#e6194B",
        "stroke-opacity": 0.5,
        "stroke-width": 1.5
      },
      "type": "Feature"
    },
    {
      "geometry": {
        "coordinates": [
          -99.173648,
          19.416938
        ],
        "type": "Point"
      },
      "properties": {
        "bike_pickups_r_minus": 0,
        "bike_returns_r_plus": 0,
        "district_idx": 1,
        "is_hub": false,
        "marker-color": "#e6194B",
        "marker-size": "medium",
        "marker-symbol": "bicycle",
        "net_flow": 0,
        "priority_tier": 3,
        "station_id": 50,
        "title": "Station #50 "
      },
      "type": "Feature"
    },
    {
      "geometry": {
        "coordinates": [
          [
            -99.173648,
            19.416938
          ],
          [
            -99.171407,
            19.420801
          ]
        ],
        "type": "LineString"
      },
      "properties": {
        "distance_meters": 490,
        "district_idx": 1,
        "stroke": "#e6194B",
        "stroke-opacity": 0.5,
        "stroke-width": 1.5
      },
      "type": "Feature"
    },
    {
      "geometry": {
        "coordinates": [
          -99.168248,
          19.417995
        ],
        "type": "Point"
      },
      "properties": {
        "bike_pickups_r_minus": 11,
        "bike_returns_r_plus": 0,
        "district_idx": 1,
        "is_hub": false,
        "marker-color": "#e6194B",
        "marker-size": "medium",
        "marker-symbol": "bicycle",
        "net_flow": 11,
        "priority_tier": 2,
        "station_id": 51,
        "title": "Station #51 "
      },
      "type": "Feature"
    },
    {
      "geometry": {
        "coordinates": [
          [
            -99.168248,
            19.417995
          ],
          [
            -99.171407,
            19.420801
          ]
        ],
        "type": "LineString"
      },
      "properties": {
        "distance_meters": 455,
        "district_idx": 1,
        "stroke": "#e6194B",
        "stroke-opacity": 0.5,
        "stroke-width": 1.5
      },
      "type": "Feature"
    },
    {
      "geometry": {
        "coordinates": [
          -99.178433,
          19.414773
        ],
        "type": "Point"
      },
      "properties": {
        "bike_pickups_r_minus": 0,
        "bike_returns_r_plus": 4,
        "district_idx": 1,
        "is_hub": false,
        "marker-color": "#e6194B",
        "marker-size": "medium",
        "marker-symbol": "bicycle",
        "net_flow": -4,
        "priority_tier": 2,
        "station_id": 53,
        "title": "Station #53 "
      },
      "type": "Feature"
    },
    {
      "geometry": {
        "coordinates": [
          [
            -99.178433,
            19.414773
          ],
          [
            -99.171407,
            19.420801
          ]
        ],
        "type": "LineString"
      },
      "properties": {
        "distance_meters": 996,
        "district_idx": 1,
        "stroke": "#e6194B",
        "stroke-opacity": 0.5,
        "stroke-width": 1.5
      },
      "type": "Feature"
    },
    {
      "geometry": {
        "coordinates": [
          -99.170825,
          19.416215
        ],
        "type": "Point"
      },
      "properties": {
        "bike_pickups_r_minus": 9,
        "bike_returns_r_plus": 0,
        "district_idx": 1,
        "is_hub": false,
        "marker-color": "#e6194B",
        "marker-size": "medium",
        "marker-symbol": "bicycle",
        "net_flow": 9,
        "priority_tier": 2,
        "station_id": 54,
        "title": "Station #54 "
      },
      "type": "Feature"
    },
    {
      "geometry": {
        "coordinates": [
          [
            -99.170825,
            19.416215
          ],
          [
            -99.171407,
            19.420801
          ]
        ],
        "type": "LineString"
      },
      "properties": {
        "distance_meters": 514,
        "district_idx": 1,
        "stroke": "#e6194B",
        "stroke-opacity": 0.5,
        "stroke-width": 1.5
      },
      "type": "Feature"
    },
    {
      "geometry": {
        "coordinates": [
          -99.165702,
          19.416959
        ],
        "type": "Point"
      },
      "properties": {
        "bike_pickups_r_minus": 16,
        "bike_returns_r_plus": 0,
        "district_idx": 1,
        "is_hub": false,
        "marker-color": "#e6194B",
        "marker-size": "medium",
        "marker-symbol": "bicycle",
        "net_flow": 16,
        "priority_tier": 4,
        "station_id": 56,
        "title": "Station #56 "
      },
      "type": "Feature"
    },
    {
      "geometry": {
        "coordinates": [
          [
            -99.165702,
            19.416959
          ],
          [
            -99.171407,
            19.420801
          ]
        ],
        "type": "LineString"
      },
      "properties": {
        "distance_meters": 735,
        "district_idx": 1,
        "stroke": "#e6194B",
        "stroke-opacity": 0.5,
        "stroke-width": 1.5
      },
      "type": "Feature"
    },
    {
      "geometry": {
        "coordinates": [
          -99.17495,
          19.414903
        ],
        "type": "Point"
      },
      "properties": {
        "bike_pickups_r_minus": 0,
        "bike_returns_r_plus": 0,
        "district_idx": 1,
        "is_hub": false,
        "marker-color": "#e6194B",
        "marker-size": "medium",
        "marker-symbol": "bicycle",
        "net_flow": 0,
        "priority_tier": 4,
        "station_id": 57,
        "title": "Station #57 "
      },
      "type": "Feature"
    },
    {
      "geometry": {
        "coordinates": [
          [
            -99.17495,
            19.414903
          ],
          [
            -99.171407,
            19.420801
          ]
        ],
        "type": "LineString"
      },
      "properties": {
        "distance_meters": 754,
        "district_idx": 1,
        "stroke": "#e6194B",
        "stroke-opacity": 0.5,
        "stroke-width": 1.5
      },
      "type": "Feature"
    },
    {
      "geometry": {
        "coordinates": [
          -99.171793,
          19.41568
        ],
        "type": "Point"
      },
      "properties": {
        "bike_pickups_r_minus": 0,
        "bike_returns_r_plus": 1,
        "district_idx": 1,
        "is_hub": false,
        "marker-color": "#e6194B",
        "marker-size": "medium",
        "marker-symbol": "bicycle",
        "net_flow": -1,
        "priority_tier": 4,
        "station_id": 58,
        "title": "Station #58 "
      },
      "type": "Feature"
    },
    {
      "geometry": {
        "coordinates": [
          [
            -99.171793,
            19.41568
          ],
          [
            -99.171407,
            19.420801
          ]
        ],
        "type": "LineString"
      },
      "properties": {
        "distance_meters": 571,
        "district_idx": 1,
        "stroke": "#e6194B",
        "stroke-opacity": 0.5,
        "stroke-width": 1.5
      },
      "type": "Feature"
    },
    {
      "geometry": {
        "coordinates": [
          -99.177123,
          19.414191
        ],
        "type": "Point"
      },
      "properties": {
        "bike_pickups_r_minus": 0,
        "bike_returns_r_plus": 11,
        "district_idx": 1,
        "is_hub": false,
        "marker-color": "#e6194B",
        "marker-size": "medium",
        "marker-symbol": "bicycle",
        "net_flow": -11,
        "priority_tier": 2,
        "station_id": 60,
        "title": "Station #60 "
      },
      "type": "Feature"
    },
    {
      "geometry": {
        "coordinates": [
          [
            -99.177123,
            19.414191
          ],
          [
            -99.171407,
            19.420801
          ]
        ],
        "type": "LineString"
      },
      "properties": {
        "distance_meters": 949,
        "district_idx": 1,
        "stroke": "#e6194B",
        "stroke-opacity": 0.5,
        "stroke-width": 1.5
      },
      "type": "Feature"
    },
    {
      "geometry": {
        "coordinates": [
          -99.175202,
          19.413322
        ],
        "type": "Point"
      },
      "properties": {
        "bike_pickups_r_minus": 1,
        "bike_returns_r_plus": 0,
        "district_idx": 1,
        "is_hub": false,
        "marker-color": "#e6194B",
        "marker-size": "medium",
        "marker-symbol": "bicycle",
        "net_flow": 1,
        "priority_tier": 4,
        "station_id": 62,
        "title": "Station #62 "
      },
      "type": "Feature"
    },
    {
      "geometry": {
        "coordinates": [
          [
            -99.175202,
            19.413322
          ],
          [
            -99.171407,
            19.420801
          ]
        ],
        "type": "LineString"
      },
      "properties": {
        "distance_meters": 922,
        "district_idx": 1,
        "stroke": "#e6194B",
        "stroke-opacity": 0.5,
        "stroke-width": 1.5
      },
      "type": "Feature"
    },
    {
      "geometry": {
        "coordinates": [
          -99.18508,
          19.41479
        ],
        "type": "Point"
      },
      "properties": {
        "bike_pickups_r_minus": 0,
        "bike_returns_r_plus": 0,
        "district_idx": 1,
        "is_hub": false,
        "marker-color": "#e6194B",
        "marker-size": "medium",
        "marker-symbol": "bicycle",
        "net_flow": 0,
        "priority_tier": 3,
        "station_id": 184,
        "title": "Station #184 "
      },
      "type": "Feature"
    },
    {
      "geometry": {
        "coordinates": [
          [
            -99.18508,
            19.41479
          ],
          [
            -99.171407,
            19.420801
          ]
        ],
        "type": "LineString"
      },
      "properties": {
        "distance_meters": 1582,
        "district_idx": 1,
        "stroke": "#e6194B",
        "stroke-opacity": 0.5,
        "stroke-width": 1.5
      },
      "type": "Feature"
    },
    {
      "geometry": {
        "coordinates": [
          -99.1828,
          19.4128
        ],
        "type": "Point"
      },
      "properties": {
        "bike_pickups_r_minus": 2,
        "bike_returns_r_plus": 0,
        "district_idx": 1,
        "is_hub": false,
        "marker-color": "#e6194B",
        "marker-size": "medium",
        "marker-symbol": "bicycle",
        "net_flow": 2,
        "priority_tier": 2,
        "station_id": 185,
        "title": "Station #185 "
      },
      "type": "Feature"
    },
    {
      "geometry": {
        "coordinates": [
          [
            -99.1828,
            19.4128
          ],
          [
            -99.171407,
            19.420801
          ]
        ],
        "type": "LineString"
      },
      "properties": {
        "distance_meters": 1490,
        "district_idx": 1,
        "stroke": "#e6194B",
        "stroke-opacity": 0.5,
        "stroke-width": 1.5
      },
      "type": "Feature"
    },
    {
      "geometry": {
        "coordinates": [
          -99.1791,
          19.4167
        ],
        "type": "Point"
      },
      "properties": {
        "bike_pickups_r_minus": 0,
        "bike_returns_r_plus": 11,
        "district_idx": 1,
        "is_hub": false,
        "marker-color": "#e6194B",
        "marker-size": "medium",
        "marker-symbol": "bicycle",
        "net_flow": -11,
        "priority_tier": 2,
        "station_id": 258,
        "title": "Station #258 "
      },
      "type": "Feature"
    },
    {
      "geometry": {
        "coordinates": [
          [
            -99.1791,
            19.4167
          ],
          [
            -99.171407,
            19.420801
          ]
        ],
        "type": "LineString"
      },
      "properties": {
        "distance_meters": 927,
        "district_idx": 1,
        "stroke": "#e6194B",
        "stroke-opacity": 0.5,
        "stroke-width": 1.5
      },
      "type": "Feature"
    },
    {
      "geometry": {
        "coordinates": [
          -99.175196,
          19.423704
        ],
        "type": "Point"
      },
      "properties": {
        "bike_pickups_r_minus": 4,
        "bike_returns_r_plus": 0,
        "district_idx": 1,
        "is_hub": false,
        "marker-color": "#e6194B",
        "marker-size": "medium",
        "marker-symbol": "bicycle",
        "net_flow": 4,
        "priority_tier": 2,
        "station_id": 261,
        "title": "Station #261 "
      },
      "type": "Feature"
    },
    {
      "geometry": {
        "coordinates": [
          [
            -99.175196,
            19.423704
          ],
          [
            -99.171407,
            19.420801
          ]
        ],
        "type": "LineString"
      },
      "properties": {
        "distance_meters": 512,
        "district_idx": 1,
        "stroke": "#e6194B",
        "stroke-opacity": 0.5,
        "stroke-width": 1.5
      },
      "type": "Feature"
    },
    {
      "geometry": {
        "coordinates": [
          -99.176776,
          19.418858
        ],
        "type": "Point"
      },
      "properties": {
        "bike_pickups_r_minus": 0,
        "bike_returns_r_plus": 3,
        "district_idx": 1,
        "is_hub": false,
        "marker-color": "#e6194B",
        "marker-size": "medium",
        "marker-symbol": "bicycle",
        "net_flow": -3,
        "priority_tier": 3,
        "station_id": 447,
        "title": "Station #447 "
      },
      "type": "Feature"
    },
    {
      "geometry": {
        "coordinates": [
          [
            -99.176776,
            19.418858
          ],
          [
            -99.171407,
            19.420801
          ]
        ],
        "type": "LineString"
      },
      "properties": {
        "distance_meters": 603,
        "district_idx": 1,
        "stroke": "#e6194B",
        "stroke-opacity": 0.5,
        "stroke-width": 1.5
      },
      "type": "Feature"
    },
    {
      "geometry": {
        "coordinates": [
          -99.174393,
          19.42018
        ],
        "type": "Point"
      },
      "properties": {
        "bike_pickups_r_minus": 5,
        "bike_returns_r_plus": 0,
        "district_idx": 1,
        "is_hub": false,
        "marker-color": "#e6194B",
        "marker-size": "medium",
        "marker-symbol": "bicycle",
        "net_flow": 5,
        "priority_tier": 4,
        "station_id": 449,
        "title": "Station #449 "
      },
      "type": "Feature"
    },
    {
      "geometry": {
        "coordinates": [
          [
            -99.174393,
            19.42018
          ],
          [
            -99.171407,
            19.420801
          ]
        ],
        "type": "LineString"
      },
      "properties": {
        "distance_meters": 321,
        "district_idx": 1,
        "stroke": "#e6194B",
        "stroke-opacity": 0.5,
        "stroke-width": 1.5
      },
      "type": "Feature"
    },
    {
      "geometry": {
        "coordinates": [
          -99.171695,
          19.431386
        ],
        "type": "Point"
      },
      "properties": {
        "bike_pickups_r_minus": 0,
        "bike_returns_r_plus": 3,
        "district_idx": 2,
        "is_hub": false,
        "marker-color": "#3cb44b",
        "marker-size": "medium",
        "marker-symbol": "bicycle",
        "net_flow": -3,
        "priority_tier": 3,
        "station_id": 2,
        "title": "Station #2 "
      },
      "type": "Feature"
    },
    {
      "geometry": {
        "coordinates": [
          [
            -99.171695,
            19.431386
          ],
          [
            -99.181355,
            19.430153
          ]
        ],
        "type": "LineString"
      },
      "properties": {
        "distance_meters": 1022,
        "district_idx": 2,
        "stroke": "#3cb44b",
        "stroke-opacity": 0.5,
        "stroke-width": 1.5
      },
      "type": "Feature"
    },
    {
      "geometry": {
        "coordinates": [
          -99.180334,
          19.424282
        ],
        "type": "Point"
      },
      "properties": {
        "bike_pickups_r_minus": 2,
        "bike_returns_r_plus": 0,
        "district_idx": 2,
        "is_hub": false,
        "marker-color": "#3cb44b",
        "marker-size": "medium",
        "marker-symbol": "bicycle",
        "net_flow": 2,
        "priority_tier": 2,
        "station_id": 194,
        "title": "Station #194 "
      },
      "type": "Feature"
    },
    {
      "geometry": {
        "coordinates": [
          [
            -99.180334,
            19.424282
          ],
          [
            -99.181355,
            19.430153
          ]
        ],
        "type": "LineString"
      },
      "properties": {
        "distance_meters": 662,
        "district_idx": 2,
        "stroke": "#3cb44b",
        "stroke-opacity": 0.5,
        "stroke-width": 1.5
      },
      "type": "Feature"
    },
    {
      "geometry": {
        "coordinates": [
          -99.185147,
          19.424926
        ],
        "type": "Point"
      },
      "properties": {
        "bike_pickups_r_minus": 0,
        "bike_returns_r_plus": 0,
        "district_idx": 2,
        "is_hub": false,
        "marker-color": "#3cb44b",
        "marker-size": "medium",
        "marker-symbol": "bicycle",
        "net_flow": 0,
        "priority_tier": 1,
        "station_id": 195,
        "title": "Station #195 "
      },
      "type": "Feature"
    },
    {
      "geometry": {
        "coordinates": [
          [
            -99.185147,
            19.424926
          ],
          [
            -99.181355,
            19.430153
          ]
        ],
        "type": "LineString"
      },
      "properties": {
        "distance_meters": 704,
        "district_idx": 2,
        "stroke": "#3cb44b",
        "stroke-opacity": 0.5,
        "stroke-width": 1.5
      },
      "type": "Feature"
    },
    {
      "geometry": {
        "coordinates": [
          -99.187215,
          19.437431
        ],
        "type": "Point"
      },
      "properties": {
        "bike_pickups_r_minus": 5,
        "bike_returns_r_plus": 0,
        "district_idx": 2,
        "is_hub": false,
        "marker-color": "#3cb44b",
        "marker-size": "medium",
        "marker-symbol": "bicycle",
        "net_flow": 5,
        "priority_tier": 2,
        "station_id": 201,
        "title": "Station #201 "
      },
      "type": "Feature"
    },
    {
      "geometry": {
        "coordinates": [
          [
            -99.187215,
            19.437431
          ],
          [
            -99.181355,
            19.430153
          ]
        ],
        "type": "LineString"
      },
      "properties": {
        "distance_meters": 1016,
        "district_idx": 2,
        "stroke": "#3cb44b",
        "stroke-opacity": 0.5,
        "stroke-width": 1.5
      },
      "type": "Feature"
    },
    {
      "geometry": {
        "coordinates": [
          -99.184713,
          19.435525
        ],
        "type": "Point"
      },
      "properties": {
        "bike_pickups_r_minus": 3,
        "bike_returns_r_plus": 0,
        "district_idx": 2,
        "is_hub": false,
        "marker-color": "#3cb44b",
        "marker-size": "medium",
        "marker-symbol": "bicycle",
        "net_flow": 3,
        "priority_tier": 2,
        "station_id": 205,
        "title": "Station #205 "
      },
      "type": "Feature"
    },
    {
      "geometry": {
        "coordinates": [
          [
            -99.184713,
            19.435525
          ],
          [
            -99.181355,
            19.430153
          ]
        ],
        "type": "LineString"
      },
      "properties": {
        "distance_meters": 694,
        "district_idx": 2,
        "stroke": "#3cb44b",
        "stroke-opacity": 0.5,
        "stroke-width": 1.5
      },
      "type": "Feature"
    },
    {
      "geometry": {
        "coordinates": [
          -99.183322,
          19.434861
        ],
        "type": "Point"
      },
      "properties": {
        "bike_pickups_r_minus": 10,
        "bike_returns_r_plus": 0,
        "district_idx": 2,
        "is_hub": false,
        "marker-color": "#3cb44b",
        "marker-size": "medium",
        "marker-symbol": "bicycle",
        "net_flow": 10,
        "priority_tier": 2,
        "station_id": 207,
        "title": "Station #207 "
      },
      "type": "Feature"
    },
    {
      "geometry": {
        "coordinates": [
          [
            -99.183322,
            19.434861
          ],
          [
            -99.181355,
            19.430153
          ]
        ],
        "type": "LineString"
      },
      "properties": {
        "distance_meters": 563,
        "district_idx": 2,
        "stroke": "#3cb44b",
        "stroke-opacity": 0.5,
        "stroke-width": 1.5
      },
      "type": "Feature"
    },
    {
      "geometry": {
        "coordinates": [
          -99.188096,
          19.433567
        ],
        "type": "Point"
      },
      "properties": {
        "bike_pickups_r_minus": 0,
        "bike_returns_r_plus": 10,
        "district_idx": 2,
        "is_hub": false,
        "marker-color": "#3cb44b",
        "marker-size": "medium",
        "marker-symbol": "bicycle",
        "net_flow": -10,
        "priority_tier": 2,
        "station_id": 212,
        "title": "Station #212 "
      },
      "type": "Feature"
    },
    {
      "geometry": {
        "coordinates": [
          [
            -99.188096,
            19.433567
          ],
          [
            -99.181355,
            19.430153
          ]
        ],
        "type": "LineString"
      },
      "properties": {
        "distance_meters": 803,
        "district_idx": 2,
        "stroke": "#3cb44b",
        "stroke-opacity": 0.5,
        "stroke-width": 1.5
      },
      "type": "Feature"
    },
    {
      "geometry": {
        "coordinates": [
          -99.183605,
          19.432888
        ],
        "type": "Point"
      },
      "properties": {
        "bike_pickups_r_minus": 17,
        "bike_returns_r_plus": 0,
        "district_idx": 2,
        "is_hub": false,
        "marker-color": "#3cb44b",
        "marker-size": "medium",
        "marker-symbol": "bicycle",
        "net_flow": 17,
        "priority_tier": 1,
        "station_id": 217,
        "title": "Station #217 "
      },
      "type": "Feature"
    },
    {
      "geometry": {
        "coordinates": [
          [
            -99.183605,
            19.432888
          ],
          [
            -99.181355,
            19.430153
          ]
        ],
        "type": "LineString"
      },
      "properties": {
        "distance_meters": 385,
        "district_idx": 2,
        "stroke": "#3cb44b",
        "stroke-opacity": 0.5,
        "stroke-width": 1.5
      },
      "type": "Feature"
    },
    {
      "geometry": {
        "coordinates": [
          -99.188033,
          19.432451
        ],
        "type": "Point"
      },
      "properties": {
        "bike_pickups_r_minus": 0,
        "bike_returns_r_plus": 7,
        "district_idx": 2,
        "is_hub": false,
        "marker-color": "#3cb44b",
        "marker-size": "medium",
        "marker-symbol": "bicycle",
        "net_flow": -7,
        "priority_tier": 4,
        "station_id": 218,
        "title": "Station #218 "
      },
      "type": "Feature"
    },
    {
      "geometry": {
        "coordinates": [
          [
            -99.188033,
            19.432451
          ],
          [
            -99.181355,
            19.430153
          ]
        ],
        "type": "LineString"
      },
      "properties": {
        "distance_meters": 746,
        "district_idx": 2,
        "stroke": "#3cb44b",
        "stroke-opacity": 0.5,
        "stroke-width": 1.5
      },
      "type": "Feature"
    },
    {
      "geometry": {
        "coordinates": [
          -99.188065,
          19.431255
        ],
        "type": "Point"
      },
      "properties": {
        "bike_pickups_r_minus": 5,
        "bike_returns_r_plus": 0,
        "district_idx": 2,
        "is_hub": false,
        "marker-color": "#3cb44b",
        "marker-size": "medium",
        "marker-symbol": "bicycle",
        "net_flow": 5,
        "priority_tier": 2,
        "station_id": 224,
        "title": "Station #224 "
      },
      "type": "Feature"
    },
    {
      "geometry": {
        "coordinates": [
          [
            -99.188065,
            19.431255
          ],
          [
            -99.181355,
            19.430153
          ]
        ],
        "type": "LineString"
      },
      "properties": {
        "distance_meters": 714,
        "district_idx": 2,
        "stroke": "#3cb44b",
        "stroke-opacity": 0.5,
        "stroke-width": 1.5
      },
      "type": "Feature"
    },
    {
      "geometry": {
        "coordinates": [
          -99.185612,
          19.431172
        ],
        "type": "Point"
      },
      "properties": {
        "bike_pickups_r_minus": 6,
        "bike_returns_r_plus": 0,
        "district_idx": 2,
        "is_hub": false,
        "marker-color": "#3cb44b",
        "marker-size": "medium",
        "marker-symbol": "bicycle",
        "net_flow": 6,
        "priority_tier": 2,
        "station_id": 225,
        "title": "Station #225 "
      },
      "type": "Feature"
    },
    {
      "geometry": {
        "coordinates": [
          [
            -99.185612,
            19.431172
          ],
          [
            -99.181355,
            19.430153
          ]
        ],
        "type": "LineString"
      },
      "properties": {
        "distance_meters": 461,
        "district_idx": 2,
        "stroke": "#3cb44b",
        "stroke-opacity": 0.5,
        "stroke-width": 1.5
      },
      "type": "Feature"
    },
    {
      "geometry": {
        "coordinates": [
          -99.18222,
          19.431033
        ],
        "type": "Point"
      },
      "properties": {
        "bike_pickups_r_minus": 10,
        "bike_returns_r_plus": 0,
        "district_idx": 2,
        "is_hub": false,
        "marker-color": "#3cb44b",
        "marker-size": "medium",
        "marker-symbol": "bicycle",
        "net_flow": 10,
        "priority_tier": 2,
        "station_id": 226,
        "title": "Station #226 "
      },
      "type": "Feature"
    },
    {
      "geometry": {
        "coordinates": [
          [
            -99.18222,
            19.431033
          ],
          [
            -99.181355,
            19.430153
          ]
        ],
        "type": "LineString"
      },
      "properties": {
        "distance_meters": 133,
        "district_idx": 2,
        "stroke": "#3cb44b",
        "stroke-opacity": 0.5,
        "stroke-width": 1.5
      },
      "type": "Feature"
    },
    {
      "geometry": {
        "coordinates": [
          -99.185389,
          19.42894
        ],
        "type": "Point"
      },
      "properties": {
        "bike_pickups_r_minus": 11,
        "bike_returns_r_plus": 0,
        "district_idx": 2,
        "is_hub": false,
        "marker-color": "#3cb44b",
        "marker-size": "medium",
        "marker-symbol": "bicycle",
        "net_flow": 11,
        "priority_tier": 2,
        "station_id": 232,
        "title": "Station #232 "
      },
      "type": "Feature"
    },
    {
      "geometry": {
        "coordinates": [
          [
            -99.185389,
            19.42894
          ],
          [
            -99.181355,
            19.430153
          ]
        ],
        "type": "LineString"
      },
      "properties": {
        "distance_meters": 444,
        "district_idx": 2,
        "stroke": "#3cb44b",
        "stroke-opacity": 0.5,
        "stroke-width": 1.5
      },
      "type": "Feature"
    },
    {
      "geometry": {
        "coordinates": [
          -99.181355,
          19.430153
        ],
        "type": "Point"
      },
      "properties": {
        "bike_pickups_r_minus": 4,
        "bike_returns_r_plus": 0,
        "district_idx": 2,
        "is_hub": true,
        "marker-color": "#3cb44b",
        "marker-size": "large",
        "marker-symbol": "star",
        "net_flow": 4,
        "priority_tier": 2,
        "station_id": 239,
        "title": "Station #239 ★ (HUB)"
      },
      "type": "Feature"
    },
    {
      "geometry": {
        "coordinates": [
          -99.179835,
          19.434147
        ],
        "type": "Point"
      },
      "properties": {
        "bike_pickups_r_minus": 2,
        "bike_returns_r_plus": 0,
        "district_idx": 2,
        "is_hub": false,
        "marker-color": "#3cb44b",
        "marker-size": "medium",
        "marker-symbol": "bicycle",
        "net_flow": 2,
        "priority_tier": 2,
        "station_id": 246,
        "title": "Station #246 "
      },
      "type": "Feature"
    },
    {
      "geometry": {
        "coordinates": [
          [
            -99.179835,
            19.434147
          ],
          [
            -99.181355,
            19.430153
          ]
        ],
        "type": "LineString"
      },
      "properties": {
        "distance_meters": 472,
        "district_idx": 2,
        "stroke": "#3cb44b",
        "stroke-opacity": 0.5,
        "stroke-width": 1.5
      },
      "type": "Feature"
    },
    {
      "geometry": {
        "coordinates": [
          -99.180565,
          19.432102
        ],
        "type": "Point"
      },
      "properties": {
        "bike_pickups_r_minus": 7,
        "bike_returns_r_plus": 0,
        "district_idx": 2,
        "is_hub": false,
        "marker-color": "#3cb44b",
        "marker-size": "medium",
        "marker-symbol": "bicycle",
        "net_flow": 7,
        "priority_tier": 2,
        "station_id": 247,
        "title": "Station #247 "
      },
      "type": "Feature"
    },
    {
      "geometry": {
        "coordinates": [
          [
            -99.180565,
            19.432102
          ],
          [
            -99.181355,
            19.430153
          ]
        ],
        "type": "LineString"
      },
      "properties": {
        "distance_meters": 232,
        "district_idx": 2,
        "stroke": "#3cb44b",
        "stroke-opacity": 0.5,
        "stroke-width": 1.5
      },
      "type": "Feature"
    },
    {
      "geometry": {
        "coordinates": [
          -99.177399,
          19.43175
        ],
        "type": "Point"
      },
      "properties": {
        "bike_pickups_r_minus": 8,
        "bike_returns_r_plus": 0,
        "district_idx": 2,
        "is_hub": false,
        "marker-color": "#3cb44b",
        "marker-size": "medium",
        "marker-symbol": "bicycle",
        "net_flow": 8,
        "priority_tier": 2,
        "station_id": 248,
        "title": "Station #248 "
      },
      "type": "Feature"
    },
    {
      "geometry": {
        "coordinates": [
          [
            -99.177399,
            19.43175
          ],
          [
            -99.181355,
            19.430153
          ]
        ],
        "type": "LineString"
      },
      "properties": {
        "distance_meters": 451,
        "district_idx": 2,
        "stroke": "#3cb44b",
        "stroke-opacity": 0.5,
        "stroke-width": 1.5
      },
      "type": "Feature"
    },
    {
      "geometry": {
        "coordinates": [
          -99.177569,
          19.429877
        ],
        "type": "Point"
      },
      "properties": {
        "bike_pickups_r_minus": 6,
        "bike_returns_r_plus": 0,
        "district_idx": 2,
        "is_hub": false,
        "marker-color": "#3cb44b",
        "marker-size": "medium",
        "marker-symbol": "bicycle",
        "net_flow": 6,
        "priority_tier": 3,
        "station_id": 249,
        "title": "Station #249 "
      },
      "type": "Feature"
    },
    {
      "geometry": {
        "coordinates": [
          [
            -99.177569,
            19.429877
          ],
          [
            -99.181355,
            19.430153
          ]
        ],
        "type": "LineString"
      },
      "properties": {
        "distance_meters": 398,
        "district_idx": 2,
        "stroke": "#3cb44b",
        "stroke-opacity": 0.5,
        "stroke-width": 1.5
      },
      "type": "Feature"
    },
    {
      "geometry": {
        "coordinates": [
          -99.17966,
          19.429057
        ],
        "type": "Point"
      },
      "properties": {
        "bike_pickups_r_minus": 12,
        "bike_returns_r_plus": 0,
        "district_idx": 2,
        "is_hub": false,
        "marker-color": "#3cb44b",
        "marker-size": "medium",
        "marker-symbol": "bicycle",
        "net_flow": 12,
        "priority_tier": 2,
        "station_id": 250,
        "title": "Station #250 "
      },
      "type": "Feature"
    },
    {
      "geometry": {
        "coordinates": [
          [
            -99.17966,
            19.429057
          ],
          [
            -99.181355,
            19.430153
          ]
        ],
        "type": "LineString"
      },
      "properties": {
        "distance_meters": 216,
        "district_idx": 2,
        "stroke": "#3cb44b",
        "stroke-opacity": 0.5,
        "stroke-width": 1.5
      },
      "type": "Feature"
    },
    {
      "geometry": {
        "coordinates": [
          -99.17538,
          19.429261
        ],
        "type": "Point"
      },
      "properties": {
        "bike_pickups_r_minus": 0,
        "bike_returns_r_plus": 7,
        "district_idx": 2,
        "is_hub": false,
        "marker-color": "#3cb44b",
        "marker-size": "medium",
        "marker-symbol": "bicycle",
        "net_flow": -7,
        "priority_tier": 2,
        "station_id": 251,
        "title": "Station #251 "
      },
      "type": "Feature"
    },
    {
      "geometry": {
        "coordinates": [
          [
            -99.17538,
            19.429261
          ],
          [
            -99.181355,
            19.430153
          ]
        ],
        "type": "LineString"
      },
      "properties": {
        "distance_meters": 635,
        "district_idx": 2,
        "stroke": "#3cb44b",
        "stroke-opacity": 0.5,
        "stroke-width": 1.5
      },
      "type": "Feature"
    },
    {
      "geometry": {
        "coordinates": [
          -99.17702,
          19.427575
        ],
        "type": "Point"
      },
      "properties": {
        "bike_pickups_r_minus": 8,
        "bike_returns_r_plus": 0,
        "district_idx": 2,
        "is_hub": false,
        "marker-color": "#3cb44b",
        "marker-size": "medium",
        "marker-symbol": "bicycle",
        "net_flow": 8,
        "priority_tier": 2,
        "station_id": 252,
        "title": "Station #252 "
      },
      "type": "Feature"
    },
    {
      "geometry": {
        "coordinates": [
          [
            -99.17702,
            19.427575
          ],
          [
            -99.181355,
            19.430153
          ]
        ],
        "type": "LineString"
      },
      "properties": {
        "distance_meters": 538,
        "district_idx": 2,
        "stroke": "#3cb44b",
        "stroke-opacity": 0.5,
        "stroke-width": 1.5
      },
      "type": "Feature"
    },
    {
      "geometry": {
        "coordinates": [
          -99.177924,
          19.425835
        ],
        "type": "Point"
      },
      "properties": {
        "bike_pickups_r_minus": 3,
        "bike_returns_r_plus": 0,
        "district_idx": 2,
        "is_hub": false,
        "marker-color": "#3cb44b",
        "marker-size": "medium",
        "marker-symbol": "bicycle",
        "net_flow": 3,
        "priority_tier": 3,
        "station_id": 253,
        "title": "Station #253 "
      },
      "type": "Feature"
    },
    {
      "geometry": {
        "coordinates": [
          [
            -99.177924,
            19.425835
          ],
          [
            -99.181355,
            19.430153
          ]
        ],
        "type": "LineString"
      },
      "properties": {
        "distance_meters": 600,
        "district_idx": 2,
        "stroke": "#3cb44b",
        "stroke-opacity": 0.5,
        "stroke-width": 1.5
      },
      "type": "Feature"
    },
    {
      "geometry": {
        "coordinates": [
          -99.179838,
          19.435031
        ],
        "type": "Point"
      },
      "properties": {
        "bike_pickups_r_minus": 0,
        "bike_returns_r_plus": 3,
        "district_idx": 2,
        "is_hub": false,
        "marker-color": "#3cb44b",
        "marker-size": "medium",
        "marker-symbol": "bicycle",
        "net_flow": -3,
        "priority_tier": 4,
        "station_id": 452,
        "title": "Station #452 "
      },
      "type": "Feature"
    },
    {
      "geometry": {
        "coordinates": [
          [
            -99.179838,
            19.435031
          ],
          [
            -99.181355,
            19.430153
          ]
        ],
        "type": "LineString"
      },
      "properties": {
        "distance_meters": 565,
        "district_idx": 2,
        "stroke": "#3cb44b",
        "stroke-opacity": 0.5,
        "stroke-width": 1.5
      },
      "type": "Feature"
    },
    {
      "geometry": {
        "coordinates": [
          -99.158317,
          19.431141
        ],
        "type": "Point"
      },
      "properties": {
        "bike_pickups_r_minus": 0,
        "bike_returns_r_plus": 0,
        "district_idx": 3,
        "is_hub": false,
        "marker-color": "#ffe119",
        "marker-size": "medium",
        "marker-symbol": "bicycle",
        "net_flow": 0,
        "priority_tier": 2,
        "station_id": 8,
        "title": "Station #8 "
      },
      "type": "Feature"
    },
    {
      "geometry": {
        "coordinates": [
          [
            -99.158317,
            19.431141
          ],
          [
            -99.15833,
            19.423318
          ]
        ],
        "type": "LineString"
      },
      "properties": {
        "distance_meters": 870,
        "district_idx": 3,
        "stroke": "#ffe119",
        "stroke-opacity": 0.5,
        "stroke-width": 1.5
      },
      "type": "Feature"
    },
    {
      "geometry": {
        "coordinates": [
          -99.165543,
          19.42836
        ],
        "type": "Point"
      },
      "properties": {
        "bike_pickups_r_minus": 3,
        "bike_returns_r_plus": 0,
        "district_idx": 3,
        "is_hub": false,
        "marker-color": "#ffe119",
        "marker-size": "medium",
        "marker-symbol": "bicycle",
        "net_flow": 3,
        "priority_tier": 1,
        "station_id": 18,
        "title": "Station #18 "
      },
      "type": "Feature"
    },
    {
      "geometry": {
        "coordinates": [
          [
            -99.165543,
            19.42836
          ],
          [
            -99.15833,
            19.423318
          ]
        ],
        "type": "LineString"
      },
      "properties": {
        "distance_meters": 942,
        "district_idx": 3,
        "stroke": "#ffe119",
        "stroke-opacity": 0.5,
        "stroke-width": 1.5
      },
      "type": "Feature"
    },
    {
      "geometry": {
        "coordinates": [
          -99.161675,
          19.43001
        ],
        "type": "Point"
      },
      "properties": {
        "bike_pickups_r_minus": 0,
        "bike_returns_r_plus": 0,
        "district_idx": 3,
        "is_hub": false,
        "marker-color": "#ffe119",
        "marker-size": "medium",
        "marker-symbol": "bicycle",
        "net_flow": 0,
        "priority_tier": 1,
        "station_id": 19,
        "title": "Station #19 "
      },
      "type": "Feature"
    },
    {
      "geometry": {
        "coordinates": [
          [
            -99.161675,
            19.43001
          ],
          [
            -99.15833,
            19.423318
          ]
        ],
        "type": "LineString"
      },
      "properties": {
        "distance_meters": 823,
        "district_idx": 3,
        "stroke": "#ffe119",
        "stroke-opacity": 0.5,
        "stroke-width": 1.5
      },
      "type": "Feature"
    },
    {
      "geometry": {
        "coordinates": [
          -99.160206,
          19.430964
        ],
        "type": "Point"
      },
      "properties": {
        "bike_pickups_r_minus": 0,
        "bike_returns_r_plus": 0,
        "district_idx": 3,
        "is_hub": false,
        "marker-color": "#ffe119",
        "marker-size": "medium",
        "marker-symbol": "bicycle",
        "net_flow": 0,
        "priority_tier": 1,
        "station_id": 20,
        "title": "Station #20 "
      },
      "type": "Feature"
    },
    {
      "geometry": {
        "coordinates": [
          [
            -99.160206,
            19.430964
          ],
          [
            -99.15833,
            19.423318
          ]
        ],
        "type": "LineString"
      },
      "properties": {
        "distance_meters": 873,
        "district_idx": 3,
        "stroke": "#ffe119",
        "stroke-opacity": 0.5,
        "stroke-width": 1.5
      },
      "type": "Feature"
    },
    {
      "geometry": {
        "coordinates": [
          -99.162614,
          19.429115
        ],
        "type": "Point"
      },
      "properties": {
        "bike_pickups_r_minus": 7,
        "bike_returns_r_plus": 0,
        "district_idx": 3,
        "is_hub": false,
        "marker-color": "#ffe119",
        "marker-size": "medium",
        "marker-symbol": "bicycle",
        "net_flow": 7,
        "priority_tier": 1,
        "station_id": 27,
        "title": "Station #27 "
      },
      "type": "Feature"
    },
    {
      "geometry": {
        "coordinates": [
          [
            -99.162614,
            19.429115
          ],
          [
            -99.15833,
            19.423318
          ]
        ],
        "type": "LineString"
      },
      "properties": {
        "distance_meters": 786,
        "district_idx": 3,
        "stroke": "#ffe119",
        "stroke-opacity": 0.5,
        "stroke-width": 1.5
      },
      "type": "Feature"
    },
    {
      "geometry": {
        "coordinates": [
          -99.164323,
          19.426442
        ],
        "type": "Point"
      },
      "properties": {
        "bike_pickups_r_minus": 17,
        "bike_returns_r_plus": 0,
        "district_idx": 3,
        "is_hub": false,
        "marker-color": "#ffe119",
        "marker-size": "medium",
        "marker-symbol": "bicycle",
        "net_flow": 17,
        "priority_tier": 2,
        "station_id": 30,
        "title": "Station #30 "
      },
      "type": "Feature"
    },
    {
      "geometry": {
        "coordinates": [
          [
            -99.164323,
            19.426442
          ],
          [
            -99.15833,
            19.423318
          ]
        ],
        "type": "LineString"
      },
      "properties": {
        "distance_meters": 718,
        "district_idx": 3,
        "stroke": "#ffe119",
        "stroke-opacity": 0.5,
        "stroke-width": 1.5
      },
      "type": "Feature"
    },
    {
      "geometry": {
        "coordinates": [
          -99.161193,
          19.427838
        ],
        "type": "Point"
      },
      "properties": {
        "bike_pickups_r_minus": 17,
        "bike_returns_r_plus": 0,
        "district_idx": 3,
        "is_hub": false,
        "marker-color": "#ffe119",
        "marker-size": "medium",
        "marker-symbol": "bicycle",
        "net_flow": 17,
        "priority_tier": 1,
        "station_id": 31,
        "title": "Station #31 "
      },
      "type": "Feature"
    },
    {
      "geometry": {
        "coordinates": [
          [
            -99.161193,
            19.427838
          ],
          [
            -99.15833,
            19.423318
          ]
        ],
        "type": "LineString"
      },
      "properties": {
        "distance_meters": 586,
        "district_idx": 3,
        "stroke": "#ffe119",
        "stroke-opacity": 0.5,
        "stroke-width": 1.5
      },
      "type": "Feature"
    },
    {
      "geometry": {
        "coordinates": [
          -99.163503,
          19.424539
        ],
        "type": "Point"
      },
      "properties": {
        "bike_pickups_r_minus": 0,
        "bike_returns_r_plus": 16,
        "district_idx": 3,
        "is_hub": false,
        "marker-color": "#ffe119",
        "marker-size": "medium",
        "marker-symbol": "bicycle",
        "net_flow": -16,
        "priority_tier": 3,
        "station_id": 34,
        "title": "Station #34 "
      },
      "type": "Feature"
    },
    {
      "geometry": {
        "coordinates": [
          [
            -99.163503,
            19.424539
          ],
          [
            -99.15833,
            19.423318
          ]
        ],
        "type": "LineString"
      },
      "properties": {
        "distance_meters": 559,
        "district_idx": 3,
        "stroke": "#ffe119",
        "stroke-opacity": 0.5,
        "stroke-width": 1.5
      },
      "type": "Feature"
    },
    {
      "geometry": {
        "coordinates": [
          -99.163123,
          19.424572
        ],
        "type": "Point"
      },
      "properties": {
        "bike_pickups_r_minus": 0,
        "bike_returns_r_plus": 16,
        "district_idx": 3,
        "is_hub": false,
        "marker-color": "#ffe119",
        "marker-size": "medium",
        "marker-symbol": "bicycle",
        "net_flow": -16,
        "priority_tier": 3,
        "station_id": 35,
        "title": "Station #35 "
      },
      "type": "Feature"
    },
    {
      "geometry": {
        "coordinates": [
          [
            -99.163123,
            19.424572
          ],
          [
            -99.15833,
            19.423318
          ]
        ],
        "type": "LineString"
      },
      "properties": {
        "distance_meters": 522,
        "district_idx": 3,
        "stroke": "#ffe119",
        "stroke-opacity": 0.5,
        "stroke-width": 1.5
      },
      "type": "Feature"
    },
    {
      "geometry": {
        "coordinates": [
          -99.164297,
          19.42223
        ],
        "type": "Point"
      },
      "properties": {
        "bike_pickups_r_minus": 0,
        "bike_returns_r_plus": 2,
        "district_idx": 3,
        "is_hub": false,
        "marker-color": "#ffe119",
        "marker-size": "medium",
        "marker-symbol": "bicycle",
        "net_flow": -2,
        "priority_tier": 3,
        "station_id": 40,
        "title": "Station #40 "
      },
      "type": "Feature"
    },
    {
      "geometry": {
        "coordinates": [
          [
            -99.164297,
            19.42223
          ],
          [
            -99.15833,
            19.423318
          ]
        ],
        "type": "LineString"
      },
      "properties": {
        "distance_meters": 638,
        "district_idx": 3,
        "stroke": "#ffe119",
        "stroke-opacity": 0.5,
        "stroke-width": 1.5
      },
      "type": "Feature"
    },
    {
      "geometry": {
        "coordinates": [
          -99.154419,
          19.430369
        ],
        "type": "Point"
      },
      "properties": {
        "bike_pickups_r_minus": 2,
        "bike_returns_r_plus": 0,
        "district_idx": 3,
        "is_hub": false,
        "marker-color": "#ffe119",
        "marker-size": "medium",
        "marker-symbol": "bicycle",
        "net_flow": 2,
        "priority_tier": 3,
        "station_id": 113,
        "title": "Station #113 "
      },
      "type": "Feature"
    },
    {
      "geometry": {
        "coordinates": [
          [
            -99.154419,
            19.430369
          ],
          [
            -99.15833,
            19.423318
          ]
        ],
        "type": "LineString"
      },
      "properties": {
        "distance_meters": 885,
        "district_idx": 3,
        "stroke": "#ffe119",
        "stroke-opacity": 0.5,
        "stroke-width": 1.5
      },
      "type": "Feature"
    },
    {
      "geometry": {
        "coordinates": [
          -99.153618,
          19.428989
        ],
        "type": "Point"
      },
      "properties": {
        "bike_pickups_r_minus": 0,
        "bike_returns_r_plus": 1,
        "district_idx": 3,
        "is_hub": false,
        "marker-color": "#ffe119",
        "marker-size": "medium",
        "marker-symbol": "bicycle",
        "net_flow": -1,
        "priority_tier": 2,
        "station_id": 114,
        "title": "Station #114 "
      },
      "type": "Feature"
    },
    {
      "geometry": {
        "coordinates": [
          [
            -99.153618,
            19.428989
          ],
          [
            -99.15833,
            19.423318
          ]
        ],
        "type": "LineString"
      },
      "properties": {
        "distance_meters": 801,
        "district_idx": 3,
        "stroke": "#ffe119",
        "stroke-opacity": 0.5,
        "stroke-width": 1.5
      },
      "type": "Feature"
    },
    {
      "geometry": {
        "coordinates": [
          -99.159698,
          19.429947
        ],
        "type": "Point"
      },
      "properties": {
        "bike_pickups_r_minus": 5,
        "bike_returns_r_plus": 0,
        "district_idx": 3,
        "is_hub": false,
        "marker-color": "#ffe119",
        "marker-size": "medium",
        "marker-symbol": "bicycle",
        "net_flow": 5,
        "priority_tier": 2,
        "station_id": 115,
        "title": "Station #115 "
      },
      "type": "Feature"
    },
    {
      "geometry": {
        "coordinates": [
          [
            -99.159698,
            19.429947
          ],
          [
            -99.15833,
            19.423318
          ]
        ],
        "type": "LineString"
      },
      "properties": {
        "distance_meters": 751,
        "district_idx": 3,
        "stroke": "#ffe119",
        "stroke-opacity": 0.5,
        "stroke-width": 1.5
      },
      "type": "Feature"
    },
    {
      "geometry": {
        "coordinates": [
          -99.15664,
          19.428985
        ],
        "type": "Point"
      },
      "properties": {
        "bike_pickups_r_minus": 10,
        "bike_returns_r_plus": 0,
        "district_idx": 3,
        "is_hub": false,
        "marker-color": "#ffe119",
        "marker-size": "medium",
        "marker-symbol": "bicycle",
        "net_flow": 10,
        "priority_tier": 1,
        "station_id": 116,
        "title": "Station #116 "
      },
      "type": "Feature"
    },
    {
      "geometry": {
        "coordinates": [
          [
            -99.15664,
            19.428985
          ],
          [
            -99.15833,
            19.423318
          ]
        ],
        "type": "LineString"
      },
      "properties": {
        "distance_meters": 655,
        "district_idx": 3,
        "stroke": "#ffe119",
        "stroke-opacity": 0.5,
        "stroke-width": 1.5
      },
      "type": "Feature"
    },
    {
      "geometry": {
        "coordinates": [
          -99.160369,
          19.427132
        ],
        "type": "Point"
      },
      "properties": {
        "bike_pickups_r_minus": 3,
        "bike_returns_r_plus": 0,
        "district_idx": 3,
        "is_hub": false,
        "marker-color": "#ffe119",
        "marker-size": "medium",
        "marker-symbol": "bicycle",
        "net_flow": 3,
        "priority_tier": 2,
        "station_id": 117,
        "title": "Station #117 "
      },
      "type": "Feature"
    },
    {
      "geometry": {
        "coordinates": [
          [
            -99.160369,
            19.427132
          ],
          [
            -99.15833,
            19.423318
          ]
        ],
        "type": "LineString"
      },
      "properties": {
        "distance_meters": 475,
        "district_idx": 3,
        "stroke": "#ffe119",
        "stroke-opacity": 0.5,
        "stroke-width": 1.5
      },
      "type": "Feature"
    },
    {
      "geometry": {
        "coordinates": [
          -99.158251,
          19.427114
        ],
        "type": "Point"
      },
      "properties": {
        "bike_pickups_r_minus": 3,
        "bike_returns_r_plus": 0,
        "district_idx": 3,
        "is_hub": false,
        "marker-color": "#ffe119",
        "marker-size": "medium",
        "marker-symbol": "bicycle",
        "net_flow": 3,
        "priority_tier": 4,
        "station_id": 118,
        "title": "Station #118 "
      },
      "type": "Feature"
    },
    {
      "geometry": {
        "coordinates": [
          [
            -99.158251,
            19.427114
          ],
          [
            -99.15833,
            19.423318
          ]
        ],
        "type": "LineString"
      },
      "properties": {
        "distance_meters": 422,
        "district_idx": 3,
        "stroke": "#ffe119",
        "stroke-opacity": 0.5,
        "stroke-width": 1.5
      },
      "type": "Feature"
    },
    {
      "geometry": {
        "coordinates": [
          -99.15554,
          19.42679
        ],
        "type": "Point"
      },
      "properties": {
        "bike_pickups_r_minus": 0,
        "bike_returns_r_plus": 6,
        "district_idx": 3,
        "is_hub": false,
        "marker-color": "#ffe119",
        "marker-size": "medium",
        "marker-symbol": "bicycle",
        "net_flow": -6,
        "priority_tier": 2,
        "station_id": 119,
        "title": "Station #119 "
      },
      "type": "Feature"
    },
    {
      "geometry": {
        "coordinates": [
          [
            -99.15554,
            19.42679
          ],
          [
            -99.15833,
            19.423318
          ]
        ],
        "type": "LineString"
      },
      "properties": {
        "distance_meters": 485,
        "district_idx": 3,
        "stroke": "#ffe119",
        "stroke-opacity": 0.5,
        "stroke-width": 1.5
      },
      "type": "Feature"
    },
    {
      "geometry": {
        "coordinates": [
          -99.159458,
          19.425437
        ],
        "type": "Point"
      },
      "properties": {
        "bike_pickups_r_minus": 0,
        "bike_returns_r_plus": 0,
        "district_idx": 3,
        "is_hub": false,
        "marker-color": "#ffe119",
        "marker-size": "medium",
        "marker-symbol": "bicycle",
        "net_flow": 0,
        "priority_tier": 2,
        "station_id": 120,
        "title": "Station #120 "
      },
      "type": "Feature"
    },
    {
      "geometry": {
        "coordinates": [
          [
            -99.159458,
            19.425437
          ],
          [
            -99.15833,
            19.423318
          ]
        ],
        "type": "LineString"
      },
      "properties": {
        "distance_meters": 264,
        "district_idx": 3,
        "stroke": "#ffe119",
        "stroke-opacity": 0.5,
        "stroke-width": 1.5
      },
      "type": "Feature"
    },
    {
      "geometry": {
        "coordinates": [
          -99.161317,
          19.424137
        ],
        "type": "Point"
      },
      "properties": {
        "bike_pickups_r_minus": 3,
        "bike_returns_r_plus": 0,
        "district_idx": 3,
        "is_hub": false,
        "marker-color": "#ffe119",
        "marker-size": "medium",
        "marker-symbol": "bicycle",
        "net_flow": 3,
        "priority_tier": 2,
        "station_id": 121,
        "title": "Station #121 "
      },
      "type": "Feature"
    },
    {
      "geometry": {
        "coordinates": [
          [
            -99.161317,
            19.424137
          ],
          [
            -99.15833,
            19.423318
          ]
        ],
        "type": "LineString"
      },
      "properties": {
        "distance_meters": 326,
        "district_idx": 3,
        "stroke": "#ffe119",
        "stroke-opacity": 0.5,
        "stroke-width": 1.5
      },
      "type": "Feature"
    },
    {
      "geometry": {
        "coordinates": [
          -99.153117,
          19.424161
        ],
        "type": "Point"
      },
      "properties": {
        "bike_pickups_r_minus": 0,
        "bike_returns_r_plus": 11,
        "district_idx": 3,
        "is_hub": false,
        "marker-color": "#ffe119",
        "marker-size": "medium",
        "marker-symbol": "bicycle",
        "net_flow": -11,
        "priority_tier": 3,
        "station_id": 123,
        "title": "Station #123 "
      },
      "type": "Feature"
    },
    {
      "geometry": {
        "coordinates": [
          [
            -99.153117,
            19.424161
          ],
          [
            -99.15833,
            19.423318
          ]
        ],
        "type": "LineString"
      },
      "properties": {
        "distance_meters": 555,
        "district_idx": 3,
        "stroke": "#ffe119",
        "stroke-opacity": 0.5,
        "stroke-width": 1.5
      },
      "type": "Feature"
    },
    {
      "geometry": {
        "coordinates": [
          -99.150358,
          19.422392
        ],
        "type": "Point"
      },
      "properties": {
        "bike_pickups_r_minus": 0,
        "bike_returns_r_plus": 11,
        "district_idx": 3,
        "is_hub": false,
        "marker-color": "#ffe119",
        "marker-size": "medium",
        "marker-symbol": "bicycle",
        "net_flow": -11,
        "priority_tier": 2,
        "station_id": 124,
        "title": "Station #124 "
      },
      "type": "Feature"
    },
    {
      "geometry": {
        "coordinates": [
          [
            -99.150358,
            19.422392
          ],
          [
            -99.15833,
            19.423318
          ]
        ],
        "type": "LineString"
      },
      "properties": {
        "distance_meters": 843,
        "district_idx": 3,
        "stroke": "#ffe119",
        "stroke-opacity": 0.5,
        "stroke-width": 1.5
      },
      "type": "Feature"
    },
    {
      "geometry": {
        "coordinates": [
          -99.156204,
          19.424541
        ],
        "type": "Point"
      },
      "properties": {
        "bike_pickups_r_minus": 0,
        "bike_returns_r_plus": 11,
        "district_idx": 3,
        "is_hub": false,
        "marker-color": "#ffe119",
        "marker-size": "medium",
        "marker-symbol": "bicycle",
        "net_flow": -11,
        "priority_tier": 2,
        "station_id": 125,
        "title": "Station #125 "
      },
      "type": "Feature"
    },
    {
      "geometry": {
        "coordinates": [
          [
            -99.156204,
            19.424541
          ],
          [
            -99.15833,
            19.423318
          ]
        ],
        "type": "LineString"
      },
      "properties": {
        "distance_meters": 261,
        "district_idx": 3,
        "stroke": "#ffe119",
        "stroke-opacity": 0.5,
        "stroke-width": 1.5
      },
      "type": "Feature"
    },
    {
      "geometry": {
        "coordinates": [
          -99.162138,
          19.422288
        ],
        "type": "Point"
      },
      "properties": {
        "bike_pickups_r_minus": 12,
        "bike_returns_r_plus": 0,
        "district_idx": 3,
        "is_hub": false,
        "marker-color": "#ffe119",
        "marker-size": "medium",
        "marker-symbol": "bicycle",
        "net_flow": 12,
        "priority_tier": 2,
        "station_id": 126,
        "title": "Station #126 "
      },
      "type": "Feature"
    },
    {
      "geometry": {
        "coordinates": [
          [
            -99.162138,
            19.422288
          ],
          [
            -99.15833,
            19.423318
          ]
        ],
        "type": "LineString"
      },
      "properties": {
        "distance_meters": 416,
        "district_idx": 3,
        "stroke": "#ffe119",
        "stroke-opacity": 0.5,
        "stroke-width": 1.5
      },
      "type": "Feature"
    },
    {
      "geometry": {
        "coordinates": [
          -99.15833,
          19.423318
        ],
        "type": "Point"
      },
      "properties": {
        "bike_pickups_r_minus": 0,
        "bike_returns_r_plus": 0,
        "district_idx": 3,
        "is_hub": true,
        "marker-color": "#ffe119",
        "marker-size": "large",
        "marker-symbol": "star",
        "net_flow": 0,
        "priority_tier": 2,
        "station_id": 127,
        "title": "Station #127 ★ (HUB)"
      },
      "type": "Feature"
    },
    {
      "geometry": {
        "coordinates": [
          -99.160645,
          19.422148
        ],
        "type": "Point"
      },
      "properties": {
        "bike_pickups_r_minus": 11,
        "bike_returns_r_plus": 0,
        "district_idx": 3,
        "is_hub": false,
        "marker-color": "#ffe119",
        "marker-size": "medium",
        "marker-symbol": "bicycle",
        "net_flow": 11,
        "priority_tier": 2,
        "station_id": 128,
        "title": "Station #128 "
      },
      "type": "Feature"
    },
    {
      "geometry": {
        "coordinates": [
          [
            -99.160645,
            19.422148
          ],
          [
            -99.15833,
            19.423318
          ]
        ],
        "type": "LineString"
      },
      "properties": {
        "distance_meters": 276,
        "district_idx": 3,
        "stroke": "#ffe119",
        "stroke-opacity": 0.5,
        "stroke-width": 1.5
      },
      "type": "Feature"
    },
    {
      "geometry": {
        "coordinates": [
          -99.163312,
          19.4206
        ],
        "type": "Point"
      },
      "properties": {
        "bike_pickups_r_minus": 8,
        "bike_returns_r_plus": 0,
        "district_idx": 3,
        "is_hub": false,
        "marker-color": "#ffe119",
        "marker-size": "medium",
        "marker-symbol": "bicycle",
        "net_flow": 8,
        "priority_tier": 2,
        "station_id": 129,
        "title": "Station #129 "
      },
      "type": "Feature"
    },
    {
      "geometry": {
        "coordinates": [
          [
            -99.163312,
            19.4206
          ],
          [
            -99.15833,
            19.423318
          ]
        ],
        "type": "LineString"
      },
      "properties": {
        "distance_meters": 604,
        "district_idx": 3,
        "stroke": "#ffe119",
        "stroke-opacity": 0.5,
        "stroke-width": 1.5
      },
      "type": "Feature"
    },
    {
      "geometry": {
        "coordinates": [
          -99.158015,
          19.421576
        ],
        "type": "Point"
      },
      "properties": {
        "bike_pickups_r_minus": 8,
        "bike_returns_r_plus": 0,
        "district_idx": 3,
        "is_hub": false,
        "marker-color": "#ffe119",
        "marker-size": "medium",
        "marker-symbol": "bicycle",
        "net_flow": 8,
        "priority_tier": 2,
        "station_id": 130,
        "title": "Station #130 "
      },
      "type": "Feature"
    },
    {
      "geometry": {
        "coordinates": [
          [
            -99.158015,
            19.421576
          ],
          [
            -99.15833,
            19.423318
          ]
        ],
        "type": "LineString"
      },
      "properties": {
        "distance_meters": 197,
        "district_idx": 3,
        "stroke": "#ffe119",
        "stroke-opacity": 0.5,
        "stroke-width": 1.5
      },
      "type": "Feature"
    },
    {
      "geometry": {
        "coordinates": [
          -99.161314,
          19.419579
        ],
        "type": "Point"
      },
      "properties": {
        "bike_pickups_r_minus": 9,
        "bike_returns_r_plus": 0,
        "district_idx": 3,
        "is_hub": false,
        "marker-color": "#ffe119",
        "marker-size": "medium",
        "marker-symbol": "bicycle",
        "net_flow": 9,
        "priority_tier": 2,
        "station_id": 131,
        "title": "Station #131 "
      },
      "type": "Feature"
    },
    {
      "geometry": {
        "coordinates": [
          [
            -99.161314,
            19.419579
          ],
          [
            -99.15833,
            19.423318
          ]
        ],
        "type": "LineString"
      },
      "properties": {
        "distance_meters": 521,
        "district_idx": 3,
        "stroke": "#ffe119",
        "stroke-opacity": 0.5,
        "stroke-width": 1.5
      },
      "type": "Feature"
    },
    {
      "geometry": {
        "coordinates": [
          -99.15645,
          19.420667
        ],
        "type": "Point"
      },
      "properties": {
        "bike_pickups_r_minus": 0,
        "bike_returns_r_plus": 1,
        "district_idx": 3,
        "is_hub": false,
        "marker-color": "#ffe119",
        "marker-size": "medium",
        "marker-symbol": "bicycle",
        "net_flow": -1,
        "priority_tier": 3,
        "station_id": 132,
        "title": "Station #132 "
      },
      "type": "Feature"
    },
    {
      "geometry": {
        "coordinates": [
          [
            -99.15645,
            19.420667
          ],
          [
            -99.15833,
            19.423318
          ]
        ],
        "type": "LineString"
      },
      "properties": {
        "distance_meters": 355,
        "district_idx": 3,
        "stroke": "#ffe119",
        "stroke-opacity": 0.5,
        "stroke-width": 1.5
      },
      "type": "Feature"
    },
    {
      "geometry": {
        "coordinates": [
          -99.154725,
          19.421138
        ],
        "type": "Point"
      },
      "properties": {
        "bike_pickups_r_minus": 0,
        "bike_returns_r_plus": 4,
        "district_idx": 3,
        "is_hub": false,
        "marker-color": "#ffe119",
        "marker-size": "medium",
        "marker-symbol": "bicycle",
        "net_flow": -4,
        "priority_tier": 2,
        "station_id": 133,
        "title": "Station #133 "
      },
      "type": "Feature"
    },
    {
      "geometry": {
        "coordinates": [
          [
            -99.154725,
            19.421138
          ],
          [
            -99.15833,
            19.423318
          ]
        ],
        "type": "LineString"
      },
      "properties": {
        "distance_meters": 449,
        "district_idx": 3,
        "stroke": "#ffe119",
        "stroke-opacity": 0.5,
        "stroke-width": 1.5
      },
      "type": "Feature"
    },
    {
      "geometry": {
        "coordinates": [
          -99.15956,
          19.418304
        ],
        "type": "Point"
      },
      "properties": {
        "bike_pickups_r_minus": 15,
        "bike_returns_r_plus": 0,
        "district_idx": 3,
        "is_hub": false,
        "marker-color": "#ffe119",
        "marker-size": "medium",
        "marker-symbol": "bicycle",
        "net_flow": 15,
        "priority_tier": 1,
        "station_id": 134,
        "title": "Station #134 "
      },
      "type": "Feature"
    },
    {
      "geometry": {
        "coordinates": [
          [
            -99.15956,
            19.418304
          ],
          [
            -99.15833,
            19.423318
          ]
        ],
        "type": "LineString"
      },
      "properties": {
        "distance_meters": 572,
        "district_idx": 3,
        "stroke": "#ffe119",
        "stroke-opacity": 0.5,
        "stroke-width": 1.5
      },
      "type": "Feature"
    },
    {
      "geometry": {
        "coordinates": [
          -99.155099,
          19.419225
        ],
        "type": "Point"
      },
      "properties": {
        "bike_pickups_r_minus": 0,
        "bike_returns_r_plus": 13,
        "district_idx": 3,
        "is_hub": false,
        "marker-color": "#ffe119",
        "marker-size": "medium",
        "marker-symbol": "bicycle",
        "net_flow": -13,
        "priority_tier": 4,
        "station_id": 135,
        "title": "Station #135 "
      },
      "type": "Feature"
    },
    {
      "geometry": {
        "coordinates": [
          [
            -99.155099,
            19.419225
          ],
          [
            -99.15833,
            19.423318
          ]
        ],
        "type": "LineString"
      },
      "properties": {
        "distance_meters": 568,
        "district_idx": 3,
        "stroke": "#ffe119",
        "stroke-opacity": 0.5,
        "stroke-width": 1.5
      },
      "type": "Feature"
    },
    {
      "geometry": {
        "coordinates": [
          -99.162729,
          19.417715
        ],
        "type": "Point"
      },
      "properties": {
        "bike_pickups_r_minus": 7,
        "bike_returns_r_plus": 0,
        "district_idx": 3,
        "is_hub": false,
        "marker-color": "#ffe119",
        "marker-size": "medium",
        "marker-symbol": "bicycle",
        "net_flow": 7,
        "priority_tier": 2,
        "station_id": 136,
        "title": "Station #136 "
      },
      "type": "Feature"
    },
    {
      "geometry": {
        "coordinates": [
          [
            -99.162729,
            19.417715
          ],
          [
            -99.15833,
            19.423318
          ]
        ],
        "type": "LineString"
      },
      "properties": {
        "distance_meters": 775,
        "district_idx": 3,
        "stroke": "#ffe119",
        "stroke-opacity": 0.5,
        "stroke-width": 1.5
      },
      "type": "Feature"
    },
    {
      "geometry": {
        "coordinates": [
          -99.157081,
          19.418774
        ],
        "type": "Point"
      },
      "properties": {
        "bike_pickups_r_minus": 0,
        "bike_returns_r_plus": 10,
        "district_idx": 3,
        "is_hub": false,
        "marker-color": "#ffe119",
        "marker-size": "medium",
        "marker-symbol": "bicycle",
        "net_flow": -10,
        "priority_tier": 2,
        "station_id": 137,
        "title": "Station #137 "
      },
      "type": "Feature"
    },
    {
      "geometry": {
        "coordinates": [
          [
            -99.157081,
            19.418774
          ],
          [
            -99.15833,
            19.423318
          ]
        ],
        "type": "LineString"
      },
      "properties": {
        "distance_meters": 522,
        "district_idx": 3,
        "stroke": "#ffe119",
        "stroke-opacity": 0.5,
        "stroke-width": 1.5
      },
      "type": "Feature"
    },
    {
      "geometry": {
        "coordinates": [
          -99.155313,
          19.417702
        ],
        "type": "Point"
      },
      "properties": {
        "bike_pickups_r_minus": 0,
        "bike_returns_r_plus": 6,
        "district_idx": 3,
        "is_hub": false,
        "marker-color": "#ffe119",
        "marker-size": "medium",
        "marker-symbol": "bicycle",
        "net_flow": -6,
        "priority_tier": 2,
        "station_id": 138,
        "title": "Station #138 "
      },
      "type": "Feature"
    },
    {
      "geometry": {
        "coordinates": [
          [
            -99.155313,
            19.417702
          ],
          [
            -99.15833,
            19.423318
          ]
        ],
        "type": "LineString"
      },
      "properties": {
        "distance_meters": 700,
        "district_idx": 3,
        "stroke": "#ffe119",
        "stroke-opacity": 0.5,
        "stroke-width": 1.5
      },
      "type": "Feature"
    },
    {
      "geometry": {
        "coordinates": [
          -99.162097,
          19.416128
        ],
        "type": "Point"
      },
      "properties": {
        "bike_pickups_r_minus": 7,
        "bike_returns_r_plus": 0,
        "district_idx": 3,
        "is_hub": false,
        "marker-color": "#ffe119",
        "marker-size": "medium",
        "marker-symbol": "bicycle",
        "net_flow": 7,
        "priority_tier": 2,
        "station_id": 139,
        "title": "Station #139 "
      },
      "type": "Feature"
    },
    {
      "geometry": {
        "coordinates": [
          [
            -99.162097,
            19.416128
          ],
          [
            -99.15833,
            19.423318
          ]
        ],
        "type": "LineString"
      },
      "properties": {
        "distance_meters": 892,
        "district_idx": 3,
        "stroke": "#ffe119",
        "stroke-opacity": 0.5,
        "stroke-width": 1.5
      },
      "type": "Feature"
    },
    {
      "geometry": {
        "coordinates": [
          -99.156853,
          19.416605
        ],
        "type": "Point"
      },
      "properties": {
        "bike_pickups_r_minus": 0,
        "bike_returns_r_plus": 2,
        "district_idx": 3,
        "is_hub": false,
        "marker-color": "#ffe119",
        "marker-size": "medium",
        "marker-symbol": "bicycle",
        "net_flow": -2,
        "priority_tier": 2,
        "station_id": 140,
        "title": "Station #140 "
      },
      "type": "Feature"
    },
    {
      "geometry": {
        "coordinates": [
          [
            -99.156853,
            19.416605
          ],
          [
            -99.15833,
            19.423318
          ]
        ],
        "type": "LineString"
      },
      "properties": {
        "distance_meters": 763,
        "district_idx": 3,
        "stroke": "#ffe119",
        "stroke-opacity": 0.5,
        "stroke-width": 1.5
      },
      "type": "Feature"
    },
    {
      "geometry": {
        "coordinates": [
          -99.15954,
          19.415905
        ],
        "type": "Point"
      },
      "properties": {
        "bike_pickups_r_minus": 11,
        "bike_returns_r_plus": 0,
        "district_idx": 3,
        "is_hub": false,
        "marker-color": "#ffe119",
        "marker-size": "medium",
        "marker-symbol": "bicycle",
        "net_flow": 11,
        "priority_tier": 2,
        "station_id": 141,
        "title": "Station #141 "
      },
      "type": "Feature"
    },
    {
      "geometry": {
        "coordinates": [
          [
            -99.15954,
            19.415905
          ],
          [
            -99.15833,
            19.423318
          ]
        ],
        "type": "LineString"
      },
      "properties": {
        "distance_meters": 834,
        "district_idx": 3,
        "stroke": "#ffe119",
        "stroke-opacity": 0.5,
        "stroke-width": 1.5
      },
      "type": "Feature"
    },
    {
      "geometry": {
        "coordinates": [
          -99.157542,
          19.414303
        ],
        "type": "Point"
      },
      "properties": {
        "bike_pickups_r_minus": 0,
        "bike_returns_r_plus": 5,
        "district_idx": 3,
        "is_hub": false,
        "marker-color": "#ffe119",
        "marker-size": "medium",
        "marker-symbol": "bicycle",
        "net_flow": -5,
        "priority_tier": 3,
        "station_id": 143,
        "title": "Station #143 "
      },
      "type": "Feature"
    },
    {
      "geometry": {
        "coordinates": [
          [
            -99.157542,
            19.414303
          ],
          [
            -99.15833,
            19.423318
          ]
        ],
        "type": "LineString"
      },
      "properties": {
        "distance_meters": 1006,
        "district_idx": 3,
        "stroke": "#ffe119",
        "stroke-opacity": 0.5,
        "stroke-width": 1.5
      },
      "type": "Feature"
    },
    {
      "geometry": {
        "coordinates": [
          -99.154837,
          19.415192
        ],
        "type": "Point"
      },
      "properties": {
        "bike_pickups_r_minus": 0,
        "bike_returns_r_plus": 9,
        "district_idx": 3,
        "is_hub": false,
        "marker-color": "#ffe119",
        "marker-size": "medium",
        "marker-symbol": "bicycle",
        "net_flow": -9,
        "priority_tier": 2,
        "station_id": 144,
        "title": "Station #144 "
      },
      "type": "Feature"
    },
    {
      "geometry": {
        "coordinates": [
          [
            -99.154837,
            19.415192
          ],
          [
            -99.15833,
            19.423318
          ]
        ],
        "type": "LineString"
      },
      "properties": {
        "distance_meters": 975,
        "district_idx": 3,
        "stroke": "#ffe119",
        "stroke-opacity": 0.5,
        "stroke-width": 1.5
      },
      "type": "Feature"
    },
    {
      "geometry": {
        "coordinates": [
          -99.155116,
          19.412829
        ],
        "type": "Point"
      },
      "properties": {
        "bike_pickups_r_minus": 0,
        "bike_returns_r_plus": 10,
        "district_idx": 3,
        "is_hub": false,
        "marker-color": "#ffe119",
        "marker-size": "medium",
        "marker-symbol": "bicycle",
        "net_flow": -10,
        "priority_tier": 2,
        "station_id": 148,
        "title": "Station #148 "
      },
      "type": "Feature"
    },
    {
      "geometry": {
        "coordinates": [
          [
            -99.155116,
            19.412829
          ],
          [
            -99.15833,
            19.423318
          ]
        ],
        "type": "LineString"
      },
      "properties": {
        "distance_meters": 1214,
        "district_idx": 3,
        "stroke": "#ffe119",
        "stroke-opacity": 0.5,
        "stroke-width": 1.5
      },
      "type": "Feature"
    },
    {
      "geometry": {
        "coordinates": [
          -99.166661,
          19.415121
        ],
        "type": "Point"
      },
      "properties": {
        "bike_pickups_r_minus": 17,
        "bike_returns_r_plus": 0,
        "district_idx": 4,
        "is_hub": false,
        "marker-color": "#4363d8",
        "marker-size": "medium",
        "marker-symbol": "bicycle",
        "net_flow": 17,
        "priority_tier": 2,
        "station_id": 59,
        "title": "Station #59 "
      },
      "type": "Feature"
    },
    {
      "geometry": {
        "coordinates": [
          [
            -99.166661,
            19.415121
          ],
          [
            -99.167181,
            19.409098
          ]
        ],
        "type": "LineString"
      },
      "properties": {
        "distance_meters": 672,
        "district_idx": 4,
        "stroke": "#4363d8",
        "stroke-opacity": 0.5,
        "stroke-width": 1.5
      },
      "type": "Feature"
    },
    {
      "geometry": {
        "coordinates": [
          -99.169525,
          19.413742
        ],
        "type": "Point"
      },
      "properties": {
        "bike_pickups_r_minus": 8,
        "bike_returns_r_plus": 0,
        "district_idx": 4,
        "is_hub": false,
        "marker-color": "#4363d8",
        "marker-size": "medium",
        "marker-symbol": "bicycle",
        "net_flow": 8,
        "priority_tier": 2,
        "station_id": 61,
        "title": "Station #61 "
      },
      "type": "Feature"
    },
    {
      "geometry": {
        "coordinates": [
          [
            -99.169525,
            19.413742
          ],
          [
            -99.167181,
            19.409098
          ]
        ],
        "type": "LineString"
      },
      "properties": {
        "distance_meters": 572,
        "district_idx": 4,
        "stroke": "#4363d8",
        "stroke-opacity": 0.5,
        "stroke-width": 1.5
      },
      "type": "Feature"
    },
    {
      "geometry": {
        "coordinates": [
          -99.171531,
          19.413681
        ],
        "type": "Point"
      },
      "properties": {
        "bike_pickups_r_minus": 8,
        "bike_returns_r_plus": 0,
        "district_idx": 4,
        "is_hub": false,
        "marker-color": "#4363d8",
        "marker-size": "medium",
        "marker-symbol": "bicycle",
        "net_flow": 8,
        "priority_tier": 3,
        "station_id": 63,
        "title": "Station #63 "
      },
      "type": "Feature"
    },
    {
      "geometry": {
        "coordinates": [
          [
            -99.171531,
            19.413681
          ],
          [
            -99.167181,
            19.409098
          ]
        ],
        "type": "LineString"
      },
      "properties": {
        "distance_meters": 684,
        "district_idx": 4,
        "stroke": "#4363d8",
        "stroke-opacity": 0.5,
        "stroke-width": 1.5
      },
      "type": "Feature"
    },
    {
      "geometry": {
        "coordinates": [
          -99.166986,
          19.412877
        ],
        "type": "Point"
      },
      "properties": {
        "bike_pickups_r_minus": 3,
        "bike_returns_r_plus": 0,
        "district_idx": 4,
        "is_hub": false,
        "marker-color": "#4363d8",
        "marker-size": "medium",
        "marker-symbol": "bicycle",
        "net_flow": 3,
        "priority_tier": 2,
        "station_id": 64,
        "title": "Station #64 "
      },
      "type": "Feature"
    },
    {
      "geometry": {
        "coordinates": [
          [
            -99.166986,
            19.412877
          ],
          [
            -99.167181,
            19.409098
          ]
        ],
        "type": "LineString"
      },
      "properties": {
        "distance_meters": 421,
        "district_idx": 4,
        "stroke": "#4363d8",
        "stroke-opacity": 0.5,
        "stroke-width": 1.5
      },
      "type": "Feature"
    },
    {
      "geometry": {
        "coordinates": [
          -99.178666,
          19.411402
        ],
        "type": "Point"
      },
      "properties": {
        "bike_pickups_r_minus": 0,
        "bike_returns_r_plus": 1,
        "district_idx": 4,
        "is_hub": false,
        "marker-color": "#4363d8",
        "marker-size": "medium",
        "marker-symbol": "bicycle",
        "net_flow": -1,
        "priority_tier": 2,
        "station_id": 66,
        "title": "Station #66 "
      },
      "type": "Feature"
    },
    {
      "geometry": {
        "coordinates": [
          [
            -99.178666,
            19.411402
          ],
          [
            -99.167181,
            19.409098
          ]
        ],
        "type": "LineString"
      },
      "properties": {
        "distance_meters": 1232,
        "district_idx": 4,
        "stroke": "#4363d8",
        "stroke-opacity": 0.5,
        "stroke-width": 1.5
      },
      "type": "Feature"
    },
    {
      "geometry": {
        "coordinates": [
          -99.17588,
          19.411797
        ],
        "type": "Point"
      },
      "properties": {
        "bike_pickups_r_minus": 0,
        "bike_returns_r_plus": 0,
        "district_idx": 4,
        "is_hub": false,
        "marker-color": "#4363d8",
        "marker-size": "medium",
        "marker-symbol": "bicycle",
        "net_flow": 0,
        "priority_tier": 2,
        "station_id": 67,
        "title": "Station #67 "
      },
      "type": "Feature"
    },
    {
      "geometry": {
        "coordinates": [
          [
            -99.17588,
            19.411797
          ],
          [
            -99.167181,
            19.409098
          ]
        ],
        "type": "LineString"
      },
      "properties": {
        "distance_meters": 961,
        "district_idx": 4,
        "stroke": "#4363d8",
        "stroke-opacity": 0.5,
        "stroke-width": 1.5
      },
      "type": "Feature"
    },
    {
      "geometry": {
        "coordinates": [
          -99.17406,
          19.411556
        ],
        "type": "Point"
      },
      "properties": {
        "bike_pickups_r_minus": 11,
        "bike_returns_r_plus": 0,
        "district_idx": 4,
        "is_hub": false,
        "marker-color": "#4363d8",
        "marker-size": "medium",
        "marker-symbol": "bicycle",
        "net_flow": 11,
        "priority_tier": 4,
        "station_id": 68,
        "title": "Station #68 "
      },
      "type": "Feature"
    },
    {
      "geometry": {
        "coordinates": [
          [
            -99.17406,
            19.411556
          ],
          [
            -99.167181,
            19.409098
          ]
        ],
        "type": "LineString"
      },
      "properties": {
        "distance_meters": 772,
        "district_idx": 4,
        "stroke": "#4363d8",
        "stroke-opacity": 0.5,
        "stroke-width": 1.5
      },
      "type": "Feature"
    },
    {
      "geometry": {
        "coordinates": [
          -99.168111,
          19.410733
        ],
        "type": "Point"
      },
      "properties": {
        "bike_pickups_r_minus": 9,
        "bike_returns_r_plus": 0,
        "district_idx": 4,
        "is_hub": false,
        "marker-color": "#4363d8",
        "marker-size": "medium",
        "marker-symbol": "bicycle",
        "net_flow": 9,
        "priority_tier": 1,
        "station_id": 69,
        "title": "Station #69 "
      },
      "type": "Feature"
    },
    {
      "geometry": {
        "coordinates": [
          [
            -99.168111,
            19.410733
          ],
          [
            -99.167181,
            19.409098
          ]
        ],
        "type": "LineString"
      },
      "properties": {
        "distance_meters": 206,
        "district_idx": 4,
        "stroke": "#4363d8",
        "stroke-opacity": 0.5,
        "stroke-width": 1.5
      },
      "type": "Feature"
    },
    {
      "geometry": {
        "coordinates": [
          -99.169718,
          19.411272
        ],
        "type": "Point"
      },
      "properties": {
        "bike_pickups_r_minus": 1,
        "bike_returns_r_plus": 0,
        "district_idx": 4,
        "is_hub": false,
        "marker-color": "#4363d8",
        "marker-size": "medium",
        "marker-symbol": "bicycle",
        "net_flow": 1,
        "priority_tier": 3,
        "station_id": 70,
        "title": "Station #70 "
      },
      "type": "Feature"
    },
    {
      "geometry": {
        "coordinates": [
          [
            -99.169718,
            19.411272
          ],
          [
            -99.167181,
            19.409098
          ]
        ],
        "type": "LineString"
      },
      "properties": {
        "distance_meters": 360,
        "district_idx": 4,
        "stroke": "#4363d8",
        "stroke-opacity": 0.5,
        "stroke-width": 1.5
      },
      "type": "Feature"
    },
    {
      "geometry": {
        "coordinates": [
          -99.171351,
          19.411423
        ],
        "type": "Point"
      },
      "properties": {
        "bike_pickups_r_minus": 0,
        "bike_returns_r_plus": 0,
        "district_idx": 4,
        "is_hub": false,
        "marker-color": "#4363d8",
        "marker-size": "medium",
        "marker-symbol": "bicycle",
        "net_flow": 0,
        "priority_tier": 2,
        "station_id": 71,
        "title": "Station #71 "
      },
      "type": "Feature"
    },
    {
      "geometry": {
        "coordinates": [
          [
            -99.171351,
            19.411423
          ],
          [
            -99.167181,
            19.409098
          ]
        ],
        "type": "LineString"
      },
      "properties": {
        "distance_meters": 508,
        "district_idx": 4,
        "stroke": "#4363d8",
        "stroke-opacity": 0.5,
        "stroke-width": 1.5
      },
      "type": "Feature"
    },
    {
      "geometry": {
        "coordinates": [
          -99.175612,
          19.410245
        ],
        "type": "Point"
      },
      "properties": {
        "bike_pickups_r_minus": 0,
        "bike_returns_r_plus": 3,
        "district_idx": 4,
        "is_hub": false,
        "marker-color": "#4363d8",
        "marker-size": "medium",
        "marker-symbol": "bicycle",
        "net_flow": -3,
        "priority_tier": 1,
        "station_id": 73,
        "title": "Station #73 "
      },
      "type": "Feature"
    },
    {
      "geometry": {
        "coordinates": [
          [
            -99.175612,
            19.410245
          ],
          [
            -99.167181,
            19.409098
          ]
        ],
        "type": "LineString"
      },
      "properties": {
        "distance_meters": 894,
        "district_idx": 4,
        "stroke": "#4363d8",
        "stroke-opacity": 0.5,
        "stroke-width": 1.5
      },
      "type": "Feature"
    },
    {
      "geometry": {
        "coordinates": [
          -99.172831,
          19.410343
        ],
        "type": "Point"
      },
      "properties": {
        "bike_pickups_r_minus": 13,
        "bike_returns_r_plus": 0,
        "district_idx": 4,
        "is_hub": false,
        "marker-color": "#4363d8",
        "marker-size": "medium",
        "marker-symbol": "bicycle",
        "net_flow": 13,
        "priority_tier": 1,
        "station_id": 74,
        "title": "Station #74 "
      },
      "type": "Feature"
    },
    {
      "geometry": {
        "coordinates": [
          [
            -99.172831,
            19.410343
          ],
          [
            -99.167181,
            19.409098
          ]
        ],
        "type": "LineString"
      },
      "properties": {
        "distance_meters": 609,
        "district_idx": 4,
        "stroke": "#4363d8",
        "stroke-opacity": 0.5,
        "stroke-width": 1.5
      },
      "type": "Feature"
    },
    {
      "geometry": {
        "coordinates": [
          -99.17669,
          19.408722
        ],
        "type": "Point"
      },
      "properties": {
        "bike_pickups_r_minus": 0,
        "bike_returns_r_plus": 6,
        "district_idx": 4,
        "is_hub": false,
        "marker-color": "#4363d8",
        "marker-size": "medium",
        "marker-symbol": "bicycle",
        "net_flow": -6,
        "priority_tier": 3,
        "station_id": 75,
        "title": "Station #75 "
      },
      "type": "Feature"
    },
    {
      "geometry": {
        "coordinates": [
          [
            -99.17669,
            19.408722
          ],
          [
            -99.167181,
            19.409098
          ]
        ],
        "type": "LineString"
      },
      "properties": {
        "distance_meters": 998,
        "district_idx": 4,
        "stroke": "#4363d8",
        "stroke-opacity": 0.5,
        "stroke-width": 1.5
      },
      "type": "Feature"
    },
    {
      "geometry": {
        "coordinates": [
          -99.170462,
          19.409439
        ],
        "type": "Point"
      },
      "properties": {
        "bike_pickups_r_minus": 0,
        "bike_returns_r_plus": 2,
        "district_idx": 4,
        "is_hub": false,
        "marker-color": "#4363d8",
        "marker-size": "medium",
        "marker-symbol": "bicycle",
        "net_flow": -2,
        "priority_tier": 2,
        "station_id": 76,
        "title": "Station #76 "
      },
      "type": "Feature"
    },
    {
      "geometry": {
        "coordinates": [
          [
            -99.170462,
            19.409439
          ],
          [
            -99.167181,
            19.409098
          ]
        ],
        "type": "LineString"
      },
      "properties": {
        "distance_meters": 346,
        "district_idx": 4,
        "stroke": "#4363d8",
        "stroke-opacity": 0.5,
        "stroke-width": 1.5
      },
      "type": "Feature"
    },
    {
      "geometry": {
        "coordinates": [
          -99.174427,
          19.407534
        ],
        "type": "Point"
      },
      "properties": {
        "bike_pickups_r_minus": 0,
        "bike_returns_r_plus": 3,
        "district_idx": 4,
        "is_hub": false,
        "marker-color": "#4363d8",
        "marker-size": "medium",
        "marker-symbol": "bicycle",
        "net_flow": -3,
        "priority_tier": 2,
        "station_id": 79,
        "title": "Station #79 "
      },
      "type": "Feature"
    },
    {
      "geometry": {
        "coordinates": [
          [
            -99.174427,
            19.407534
          ],
          [
            -99.167181,
            19.409098
          ]
        ],
        "type": "LineString"
      },
      "properties": {
        "distance_meters": 780,
        "district_idx": 4,
        "stroke": "#4363d8",
        "stroke-opacity": 0.5,
        "stroke-width": 1.5
      },
      "type": "Feature"
    },
    {
      "geometry": {
        "coordinates": [
          -99.172118,
          19.407307
        ],
        "type": "Point"
      },
      "properties": {
        "bike_pickups_r_minus": 3,
        "bike_returns_r_plus": 0,
        "district_idx": 4,
        "is_hub": false,
        "marker-color": "#4363d8",
        "marker-size": "medium",
        "marker-symbol": "bicycle",
        "net_flow": 3,
        "priority_tier": 2,
        "station_id": 80,
        "title": "Station #80 "
      },
      "type": "Feature"
    },
    {
      "geometry": {
        "coordinates": [
          [
            -99.172118,
            19.407307
          ],
          [
            -99.167181,
            19.409098
          ]
        ],
        "type": "LineString"
      },
      "properties": {
        "distance_meters": 555,
        "district_idx": 4,
        "stroke": "#4363d8",
        "stroke-opacity": 0.5,
        "stroke-width": 1.5
      },
      "type": "Feature"
    },
    {
      "geometry": {
        "coordinates": [
          -99.168475,
          19.408006
        ],
        "type": "Point"
      },
      "properties": {
        "bike_pickups_r_minus": 0,
        "bike_returns_r_plus": 7,
        "district_idx": 4,
        "is_hub": false,
        "marker-color": "#4363d8",
        "marker-size": "medium",
        "marker-symbol": "bicycle",
        "net_flow": -7,
        "priority_tier": 2,
        "station_id": 81,
        "title": "Station #81 "
      },
      "type": "Feature"
    },
    {
      "geometry": {
        "coordinates": [
          [
            -99.168475,
            19.408006
          ],
          [
            -99.167181,
            19.409098
          ]
        ],
        "type": "LineString"
      },
      "properties": {
        "distance_meters": 182,
        "district_idx": 4,
        "stroke": "#4363d8",
        "stroke-opacity": 0.5,
        "stroke-width": 1.5
      },
      "type": "Feature"
    },
    {
      "geometry": {
        "coordinates": [
          -99.172117,
          19.406296
        ],
        "type": "Point"
      },
      "properties": {
        "bike_pickups_r_minus": 1,
        "bike_returns_r_plus": 0,
        "district_idx": 4,
        "is_hub": false,
        "marker-color": "#4363d8",
        "marker-size": "medium",
        "marker-symbol": "bicycle",
        "net_flow": 1,
        "priority_tier": 2,
        "station_id": 83,
        "title": "Station #83 "
      },
      "type": "Feature"
    },
    {
      "geometry": {
        "coordinates": [
          [
            -99.172117,
            19.406296
          ],
          [
            -99.167181,
            19.409098
          ]
        ],
        "type": "LineString"
      },
      "properties": {
        "distance_meters": 604,
        "district_idx": 4,
        "stroke": "#4363d8",
        "stroke-opacity": 0.5,
        "stroke-width": 1.5
      },
      "type": "Feature"
    },
    {
      "geometry": {
        "coordinates": [
          -99.169587,
          19.40702
        ],
        "type": "Point"
      },
      "properties": {
        "bike_pickups_r_minus": 0,
        "bike_returns_r_plus": 8,
        "district_idx": 4,
        "is_hub": false,
        "marker-color": "#4363d8",
        "marker-size": "medium",
        "marker-symbol": "bicycle",
        "net_flow": -8,
        "priority_tier": 2,
        "station_id": 84,
        "title": "Station #84 "
      },
      "type": "Feature"
    },
    {
      "geometry": {
        "coordinates": [
          [
            -99.169587,
            19.40702
          ],
          [
            -99.167181,
            19.409098
          ]
        ],
        "type": "LineString"
      },
      "properties": {
        "distance_meters": 342,
        "district_idx": 4,
        "stroke": "#4363d8",
        "stroke-opacity": 0.5,
        "stroke-width": 1.5
      },
      "type": "Feature"
    },
    {
      "geometry": {
        "coordinates": [
          -99.164121,
          19.413232
        ],
        "type": "Point"
      },
      "properties": {
        "bike_pickups_r_minus": 9,
        "bike_returns_r_plus": 0,
        "district_idx": 4,
        "is_hub": false,
        "marker-color": "#4363d8",
        "marker-size": "medium",
        "marker-symbol": "bicycle",
        "net_flow": 9,
        "priority_tier": 1,
        "station_id": 142,
        "title": "Station #142 "
      },
      "type": "Feature"
    },
    {
      "geometry": {
        "coordinates": [
          [
            -99.164121,
            19.413232
          ],
          [
            -99.167181,
            19.409098
          ]
        ],
        "type": "LineString"
      },
      "properties": {
        "distance_meters": 561,
        "district_idx": 4,
        "stroke": "#4363d8",
        "stroke-opacity": 0.5,
        "stroke-width": 1.5
      },
      "type": "Feature"
    },
    {
      "geometry": {
        "coordinates": [
          -99.160661,
          19.41286
        ],
        "type": "Point"
      },
      "properties": {
        "bike_pickups_r_minus": 0,
        "bike_returns_r_plus": 8,
        "district_idx": 4,
        "is_hub": false,
        "marker-color": "#4363d8",
        "marker-size": "medium",
        "marker-symbol": "bicycle",
        "net_flow": -8,
        "priority_tier": 2,
        "station_id": 145,
        "title": "Station #145 "
      },
      "type": "Feature"
    },
    {
      "geometry": {
        "coordinates": [
          [
            -99.160661,
            19.41286
          ],
          [
            -99.167181,
            19.409098
          ]
        ],
        "type": "LineString"
      },
      "properties": {
        "distance_meters": 802,
        "district_idx": 4,
        "stroke": "#4363d8",
        "stroke-opacity": 0.5,
        "stroke-width": 1.5
      },
      "type": "Feature"
    },
    {
      "geometry": {
        "coordinates": [
          -99.165716,
          19.410737
        ],
        "type": "Point"
      },
      "properties": {
        "bike_pickups_r_minus": 0,
        "bike_returns_r_plus": 2,
        "district_idx": 4,
        "is_hub": false,
        "marker-color": "#4363d8",
        "marker-size": "medium",
        "marker-symbol": "bicycle",
        "net_flow": -2,
        "priority_tier": 2,
        "station_id": 146,
        "title": "Station #146 "
      },
      "type": "Feature"
    },
    {
      "geometry": {
        "coordinates": [
          [
            -99.165716,
            19.410737
          ],
          [
            -99.167181,
            19.409098
          ]
        ],
        "type": "LineString"
      },
      "properties": {
        "distance_meters": 238,
        "district_idx": 4,
        "stroke": "#4363d8",
        "stroke-opacity": 0.5,
        "stroke-width": 1.5
      },
      "type": "Feature"
    },
    {
      "geometry": {
        "coordinates": [
          -99.158443,
          19.412182
        ],
        "type": "Point"
      },
      "properties": {
        "bike_pickups_r_minus": 0,
        "bike_returns_r_plus": 7,
        "district_idx": 4,
        "is_hub": false,
        "marker-color": "#4363d8",
        "marker-size": "medium",
        "marker-symbol": "bicycle",
        "net_flow": -7,
        "priority_tier": 3,
        "station_id": 147,
        "title": "Station #147 "
      },
      "type": "Feature"
    },
    {
      "geometry": {
        "coordinates": [
          [
            -99.158443,
            19.412182
          ],
          [
            -99.167181,
            19.409098
          ]
        ],
        "type": "LineString"
      },
      "properties": {
        "distance_meters": 979,
        "district_idx": 4,
        "stroke": "#4363d8",
        "stroke-opacity": 0.5,
        "stroke-width": 1.5
      },
      "type": "Feature"
    },
    {
      "geometry": {
        "coordinates": [
          -99.155699,
          19.41199
        ],
        "type": "Point"
      },
      "properties": {
        "bike_pickups_r_minus": 1,
        "bike_returns_r_plus": 0,
        "district_idx": 4,
        "is_hub": false,
        "marker-color": "#4363d8",
        "marker-size": "medium",
        "marker-symbol": "bicycle",
        "net_flow": 1,
        "priority_tier": 3,
        "station_id": 149,
        "title": "Station #149 "
      },
      "type": "Feature"
    },
    {
      "geometry": {
        "coordinates": [
          [
            -99.155699,
            19.41199
          ],
          [
            -99.167181,
            19.409098
          ]
        ],
        "type": "LineString"
      },
      "properties": {
        "distance_meters": 1247,
        "district_idx": 4,
        "stroke": "#4363d8",
        "stroke-opacity": 0.5,
        "stroke-width": 1.5
      },
      "type": "Feature"
    },
    {
      "geometry": {
        "coordinates": [
          -99.164292,
          19.409965
        ],
        "type": "Point"
      },
      "properties": {
        "bike_pickups_r_minus": 0,
        "bike_returns_r_plus": 4,
        "district_idx": 4,
        "is_hub": false,
        "marker-color": "#4363d8",
        "marker-size": "medium",
        "marker-symbol": "bicycle",
        "net_flow": -4,
        "priority_tier": 2,
        "station_id": 150,
        "title": "Station #150 "
      },
      "type": "Feature"
    },
    {
      "geometry": {
        "coordinates": [
          [
            -99.164292,
            19.409965
          ],
          [
            -99.167181,
            19.409098
          ]
        ],
        "type": "LineString"
      },
      "properties": {
        "distance_meters": 318,
        "district_idx": 4,
        "stroke": "#4363d8",
        "stroke-opacity": 0.5,
        "stroke-width": 1.5
      },
      "type": "Feature"
    },
    {
      "geometry": {
        "coordinates": [
          -99.160873,
          19.410529
        ],
        "type": "Point"
      },
      "properties": {
        "bike_pickups_r_minus": 0,
        "bike_returns_r_plus": 4,
        "district_idx": 4,
        "is_hub": false,
        "marker-color": "#4363d8",
        "marker-size": "medium",
        "marker-symbol": "bicycle",
        "net_flow": -4,
        "priority_tier": 2,
        "station_id": 151,
        "title": "Station #151 "
      },
      "type": "Feature"
    },
    {
      "geometry": {
        "coordinates": [
          [
            -99.160873,
            19.410529
          ],
          [
            -99.167181,
            19.409098
          ]
        ],
        "type": "LineString"
      },
      "properties": {
        "distance_meters": 681,
        "district_idx": 4,
        "stroke": "#4363d8",
        "stroke-opacity": 0.5,
        "stroke-width": 1.5
      },
      "type": "Feature"
    },
    {
      "geometry": {
        "coordinates": [
          -99.167181,
          19.409098
        ],
        "type": "Point"
      },
      "properties": {
        "bike_pickups_r_minus": 0,
        "bike_returns_r_plus": 2,
        "district_idx": 4,
        "is_hub": true,
        "marker-color": "#4363d8",
        "marker-size": "large",
        "marker-symbol": "star",
        "net_flow": -2,
        "priority_tier": 2,
        "station_id": 152,
        "title": "Station #152 ★ (HUB)"
      },
      "type": "Feature"
    },
    {
      "geometry": {
        "coordinates": [
          -99.165141,
          19.407468
        ],
        "type": "Point"
      },
      "properties": {
        "bike_pickups_r_minus": 0,
        "bike_returns_r_plus": 5,
        "district_idx": 4,
        "is_hub": false,
        "marker-color": "#4363d8",
        "marker-size": "medium",
        "marker-symbol": "bicycle",
        "net_flow": -5,
        "priority_tier": 3,
        "station_id": 153,
        "title": "Station #153 "
      },
      "type": "Feature"
    },
    {
      "geometry": {
        "coordinates": [
          [
            -99.165141,
            19.407468
          ],
          [
            -99.167181,
            19.409098
          ]
        ],
        "type": "LineString"
      },
      "properties": {
        "distance_meters": 280,
        "district_idx": 4,
        "stroke": "#4363d8",
        "stroke-opacity": 0.5,
        "stroke-width": 1.5
      },
      "type": "Feature"
    },
    {
      "geometry": {
        "coordinates": [
          -99.167962,
          19.406683
        ],
        "type": "Point"
      },
      "properties": {
        "bike_pickups_r_minus": 0,
        "bike_returns_r_plus": 14,
        "district_idx": 4,
        "is_hub": false,
        "marker-color": "#4363d8",
        "marker-size": "medium",
        "marker-symbol": "bicycle",
        "net_flow": -14,
        "priority_tier": 3,
        "station_id": 154,
        "title": "Station #154 "
      },
      "type": "Feature"
    },
    {
      "geometry": {
        "coordinates": [
          [
            -99.167962,
            19.406683
          ],
          [
            -99.167181,
            19.409098
          ]
        ],
        "type": "LineString"
      },
      "properties": {
        "distance_meters": 281,
        "district_idx": 4,
        "stroke": "#4363d8",
        "stroke-opacity": 0.5,
        "stroke-width": 1.5
      },
      "type": "Feature"
    },
    {
      "geometry": {
        "coordinates": [
          -99.159911,
          19.408218
        ],
        "type": "Point"
      },
      "properties": {
        "bike_pickups_r_minus": 0,
        "bike_returns_r_plus": 9,
        "district_idx": 4,
        "is_hub": false,
        "marker-color": "#4363d8",
        "marker-size": "medium",
        "marker-symbol": "bicycle",
        "net_flow": -9,
        "priority_tier": 3,
        "station_id": 155,
        "title": "Station #155 "
      },
      "type": "Feature"
    },
    {
      "geometry": {
        "coordinates": [
          [
            -99.159911,
            19.408218
          ],
          [
            -99.167181,
            19.409098
          ]
        ],
        "type": "LineString"
      },
      "properties": {
        "distance_meters": 769,
        "district_idx": 4,
        "stroke": "#4363d8",
        "stroke-opacity": 0.5,
        "stroke-width": 1.5
      },
      "type": "Feature"
    },
    {
      "geometry": {
        "coordinates": [
          -99.162202,
          19.407121
        ],
        "type": "Point"
      },
      "properties": {
        "bike_pickups_r_minus": 0,
        "bike_returns_r_plus": 8,
        "district_idx": 4,
        "is_hub": false,
        "marker-color": "#4363d8",
        "marker-size": "medium",
        "marker-symbol": "bicycle",
        "net_flow": -8,
        "priority_tier": 3,
        "station_id": 156,
        "title": "Station #156 "
      },
      "type": "Feature"
    },
    {
      "geometry": {
        "coordinates": [
          [
            -99.162202,
            19.407121
          ],
          [
            -99.167181,
            19.409098
          ]
        ],
        "type": "LineString"
      },
      "properties": {
        "distance_meters": 567,
        "district_idx": 4,
        "stroke": "#4363d8",
        "stroke-opacity": 0.5,
        "stroke-width": 1.5
      },
      "type": "Feature"
    },
    {
      "geometry": {
        "coordinates": [
          -99.166616,
          19.406236
        ],
        "type": "Point"
      },
      "properties": {
        "bike_pickups_r_minus": 10,
        "bike_returns_r_plus": 0,
        "district_idx": 4,
        "is_hub": false,
        "marker-color": "#4363d8",
        "marker-size": "medium",
        "marker-symbol": "bicycle",
        "net_flow": 10,
        "priority_tier": 3,
        "station_id": 157,
        "title": "Station #157 "
      },
      "type": "Feature"
    },
    {
      "geometry": {
        "coordinates": [
          [
            -99.166616,
            19.406236
          ],
          [
            -99.167181,
            19.409098
          ]
        ],
        "type": "LineString"
      },
      "properties": {
        "distance_meters": 324,
        "district_idx": 4,
        "stroke": "#4363d8",
        "stroke-opacity": 0.5,
        "stroke-width": 1.5
      },
      "type": "Feature"
    },
    {
      "geometry": {
        "coordinates": [
          -99.155717,
          19.407447
        ],
        "type": "Point"
      },
      "properties": {
        "bike_pickups_r_minus": 0,
        "bike_returns_r_plus": 16,
        "district_idx": 4,
        "is_hub": false,
        "marker-color": "#4363d8",
        "marker-size": "medium",
        "marker-symbol": "bicycle",
        "net_flow": -16,
        "priority_tier": 2,
        "station_id": 158,
        "title": "Station #158 "
      },
      "type": "Feature"
    },
    {
      "geometry": {
        "coordinates": [
          [
            -99.155717,
            19.407447
          ],
          [
            -99.167181,
            19.409098
          ]
        ],
        "type": "LineString"
      },
      "properties": {
        "distance_meters": 1217,
        "district_idx": 4,
        "stroke": "#4363d8",
        "stroke-opacity": 0.5,
        "stroke-width": 1.5
      },
      "type": "Feature"
    },
    {
      "geometry": {
        "coordinates": [
          -99.155373,
          19.407517
        ],
        "type": "Point"
      },
      "properties": {
        "bike_pickups_r_minus": 0,
        "bike_returns_r_plus": 10,
        "district_idx": 4,
        "is_hub": false,
        "marker-color": "#4363d8",
        "marker-size": "medium",
        "marker-symbol": "bicycle",
        "net_flow": -10,
        "priority_tier": 2,
        "station_id": 159,
        "title": "Station #159 "
      },
      "type": "Feature"
    },
    {
      "geometry": {
        "coordinates": [
          [
            -99.155373,
            19.407517
          ],
          [
            -99.167181,
            19.409098
          ]
        ],
        "type": "LineString"
      },
      "properties": {
        "distance_meters": 1251,
        "district_idx": 4,
        "stroke": "#4363d8",
        "stroke-opacity": 0.5,
        "stroke-width": 1.5
      },
      "type": "Feature"
    },
    {
      "geometry": {
        "coordinates": [
          -99.164913,
          19.405533
        ],
        "type": "Point"
      },
      "properties": {
        "bike_pickups_r_minus": 0,
        "bike_returns_r_plus": 9,
        "district_idx": 4,
        "is_hub": false,
        "marker-color": "#4363d8",
        "marker-size": "medium",
        "marker-symbol": "bicycle",
        "net_flow": -9,
        "priority_tier": 3,
        "station_id": 161,
        "title": "Station #161 "
      },
      "type": "Feature"
    },
    {
      "geometry": {
        "coordinates": [
          [
            -99.164913,
            19.405533
          ],
          [
            -99.167181,
            19.409098
          ]
        ],
        "type": "LineString"
      },
      "properties": {
        "distance_meters": 462,
        "district_idx": 4,
        "stroke": "#4363d8",
        "stroke-opacity": 0.5,
        "stroke-width": 1.5
      },
      "type": "Feature"
    },
    {
      "geometry": {
        "coordinates": [
          -99.162485,
          19.404907
        ],
        "type": "Point"
      },
      "properties": {
        "bike_pickups_r_minus": 0,
        "bike_returns_r_plus": 9,
        "district_idx": 4,
        "is_hub": false,
        "marker-color": "#4363d8",
        "marker-size": "medium",
        "marker-symbol": "bicycle",
        "net_flow": -9,
        "priority_tier": 3,
        "station_id": 162,
        "title": "Station #162 "
      },
      "type": "Feature"
    },
    {
      "geometry": {
        "coordinates": [
          [
            -99.162485,
            19.404907
          ],
          [
            -99.167181,
            19.409098
          ]
        ],
        "type": "LineString"
      },
      "properties": {
        "distance_meters": 678,
        "district_idx": 4,
        "stroke": "#4363d8",
        "stroke-opacity": 0.5,
        "stroke-width": 1.5
      },
      "type": "Feature"
    },
    {
      "geometry": {
        "coordinates": [
          -99.16596,
          19.403204
        ],
        "type": "Point"
      },
      "properties": {
        "bike_pickups_r_minus": 0,
        "bike_returns_r_plus": 7,
        "district_idx": 4,
        "is_hub": false,
        "marker-color": "#4363d8",
        "marker-size": "medium",
        "marker-symbol": "bicycle",
        "net_flow": -7,
        "priority_tier": 2,
        "station_id": 164,
        "title": "Station #164 "
      },
      "type": "Feature"
    },
    {
      "geometry": {
        "coordinates": [
          [
            -99.16596,
            19.403204
          ],
          [
            -99.167181,
            19.409098
          ]
        ],
        "type": "LineString"
      },
      "properties": {
        "distance_meters": 668,
        "district_idx": 4,
        "stroke": "#4363d8",
        "stroke-opacity": 0.5,
        "stroke-width": 1.5
      },
      "type": "Feature"
    },
    {
      "geometry": {
        "coordinates": [
          -99.171438,
          19.404452
        ],
        "type": "Point"
      },
      "properties": {
        "bike_pickups_r_minus": 0,
        "bike_returns_r_plus": 0,
        "district_idx": 4,
        "is_hub": false,
        "marker-color": "#4363d8",
        "marker-size": "medium",
        "marker-symbol": "bicycle",
        "net_flow": 0,
        "priority_tier": 3,
        "station_id": 179,
        "title": "Station #179 "
      },
      "type": "Feature"
    },
    {
      "geometry": {
        "coordinates": [
          [
            -99.171438,
            19.404452
          ],
          [
            -99.167181,
            19.409098
          ]
        ],
        "type": "LineString"
      },
      "properties": {
        "distance_meters": 683,
        "district_idx": 4,
        "stroke": "#4363d8",
        "stroke-opacity": 0.5,
        "stroke-width": 1.5
      },
      "type": "Feature"
    },
    {
      "geometry": {
        "coordinates": [
          -99.169953,
          19.404554
        ],
        "type": "Point"
      },
      "properties": {
        "bike_pickups_r_minus": 0,
        "bike_returns_r_plus": 13,
        "district_idx": 4,
        "is_hub": false,
        "marker-color": "#4363d8",
        "marker-size": "medium",
        "marker-symbol": "bicycle",
        "net_flow": -13,
        "priority_tier": 2,
        "station_id": 180,
        "title": "Station #180 "
      },
      "type": "Feature"
    },
    {
      "geometry": {
        "coordinates": [
          [
            -99.169953,
            19.404554
          ],
          [
            -99.167181,
            19.409098
          ]
        ],
        "type": "LineString"
      },
      "properties": {
        "distance_meters": 583,
        "district_idx": 4,
        "stroke": "#4363d8",
        "stroke-opacity": 0.5,
        "stroke-width": 1.5
      },
      "type": "Feature"
    },
    {
      "geometry": {
        "coordinates": [
          -99.17139,
          19.402089
        ],
        "type": "Point"
      },
      "properties": {
        "bike_pickups_r_minus": 7,
        "bike_returns_r_plus": 0,
        "district_idx": 4,
        "is_hub": false,
        "marker-color": "#4363d8",
        "marker-size": "medium",
        "marker-symbol": "bicycle",
        "net_flow": 7,
        "priority_tier": 1,
        "station_id": 182,
        "title": "Station #182 "
      },
      "type": "Feature"
    },
    {
      "geometry": {
        "coordinates": [
          [
            -99.17139,
            19.402089
          ],
          [
            -99.167181,
            19.409098
          ]
        ],
        "type": "LineString"
      },
      "properties": {
        "distance_meters": 896,
        "district_idx": 4,
        "stroke": "#4363d8",
        "stroke-opacity": 0.5,
        "stroke-width": 1.5
      },
      "type": "Feature"
    },
    {
      "geometry": {
        "coordinates": [
          -99.149939,
          19.434913
        ],
        "type": "Point"
      },
      "properties": {
        "bike_pickups_r_minus": 0,
        "bike_returns_r_plus": 0,
        "district_idx": 5,
        "is_hub": false,
        "marker-color": "#f58231",
        "marker-size": "medium",
        "marker-symbol": "bicycle",
        "net_flow": 0,
        "priority_tier": 1,
        "station_id": 29,
        "title": "Station #29 "
      },
      "type": "Feature"
    },
    {
      "geometry": {
        "coordinates": [
          [
            -99.149939,
            19.434913
          ],
          [
            -99.14248,
            19.430625
          ]
        ],
        "type": "LineString"
      },
      "properties": {
        "distance_meters": 916,
        "district_idx": 5,
        "stroke": "#f58231",
        "stroke-opacity": 0.5,
        "stroke-width": 1.5
      },
      "type": "Feature"
    },
    {
      "geometry": {
        "coordinates": [
          -99.150137,
          19.435637
        ],
        "type": "Point"
      },
      "properties": {
        "bike_pickups_r_minus": 0,
        "bike_returns_r_plus": 16,
        "district_idx": 5,
        "is_hub": false,
        "marker-color": "#f58231",
        "marker-size": "medium",
        "marker-symbol": "bicycle",
        "net_flow": -16,
        "priority_tier": 3,
        "station_id": 41,
        "title": "Station #41 "
      },
      "type": "Feature"
    },
    {
      "geometry": {
        "coordinates": [
          [
            -99.150137,
            19.435637
          ],
          [
            -99.14248,
            19.430625
          ]
        ],
        "type": "LineString"
      },
      "properties": {
        "distance_meters": 978,
        "district_idx": 5,
        "stroke": "#f58231",
        "stroke-opacity": 0.5,
        "stroke-width": 1.5
      },
      "type": "Feature"
    },
    {
      "geometry": {
        "coordinates": [
          -99.146063,
          19.435228
        ],
        "type": "Point"
      },
      "properties": {
        "bike_pickups_r_minus": 0,
        "bike_returns_r_plus": 0,
        "district_idx": 5,
        "is_hub": false,
        "marker-color": "#f58231",
        "marker-size": "medium",
        "marker-symbol": "bicycle",
        "net_flow": 0,
        "priority_tier": 1,
        "station_id": 43,
        "title": "Station #43 "
      },
      "type": "Feature"
    },
    {
      "geometry": {
        "coordinates": [
          [
            -99.146063,
            19.435228
          ],
          [
            -99.14248,
            19.430625
          ]
        ],
        "type": "LineString"
      },
      "properties": {
        "distance_meters": 635,
        "district_idx": 5,
        "stroke": "#f58231",
        "stroke-opacity": 0.5,
        "stroke-width": 1.5
      },
      "type": "Feature"
    },
    {
      "geometry": {
        "coordinates": [
          -99.146557,
          19.433686
        ],
        "type": "Point"
      },
      "properties": {
        "bike_pickups_r_minus": 0,
        "bike_returns_r_plus": 1,
        "district_idx": 5,
        "is_hub": false,
        "marker-color": "#f58231",
        "marker-size": "medium",
        "marker-symbol": "bicycle",
        "net_flow": -1,
        "priority_tier": 3,
        "station_id": 48,
        "title": "Station #48 "
      },
      "type": "Feature"
    },
    {
      "geometry": {
        "coordinates": [
          [
            -99.146557,
            19.433686
          ],
          [
            -99.14248,
            19.430625
          ]
        ],
        "type": "LineString"
      },
      "properties": {
        "distance_meters": 547,
        "district_idx": 5,
        "stroke": "#f58231",
        "stroke-opacity": 0.5,
        "stroke-width": 1.5
      },
      "type": "Feature"
    },
    {
      "geometry": {
        "coordinates": [
          -99.142039,
          19.436236
        ],
        "type": "Point"
      },
      "properties": {
        "bike_pickups_r_minus": 0,
        "bike_returns_r_plus": 0,
        "district_idx": 5,
        "is_hub": false,
        "marker-color": "#f58231",
        "marker-size": "medium",
        "marker-symbol": "bicycle",
        "net_flow": 0,
        "priority_tier": 2,
        "station_id": 52,
        "title": "Station #52 "
      },
      "type": "Feature"
    },
    {
      "geometry": {
        "coordinates": [
          [
            -99.142039,
            19.436236
          ],
          [
            -99.14248,
            19.430625
          ]
        ],
        "type": "LineString"
      },
      "properties": {
        "distance_meters": 626,
        "district_idx": 5,
        "stroke": "#f58231",
        "stroke-opacity": 0.5,
        "stroke-width": 1.5
      },
      "type": "Feature"
    },
    {
      "geometry": {
        "coordinates": [
          -99.138064,
          19.434356
        ],
        "type": "Point"
      },
      "properties": {
        "bike_pickups_r_minus": 7,
        "bike_returns_r_plus": 0,
        "district_idx": 5,
        "is_hub": false,
        "marker-color": "#f58231",
        "marker-size": "medium",
        "marker-symbol": "bicycle",
        "net_flow": 7,
        "priority_tier": 2,
        "station_id": 55,
        "title": "Station #55 "
      },
      "type": "Feature"
    },
    {
      "geometry": {
        "coordinates": [
          [
            -99.138064,
            19.434356
          ],
          [
            -99.14248,
            19.430625
          ]
        ],
        "type": "LineString"
      },
      "properties": {
        "distance_meters": 622,
        "district_idx": 5,
        "stroke": "#f58231",
        "stroke-opacity": 0.5,
        "stroke-width": 1.5
      },
      "type": "Feature"
    },
    {
      "geometry": {
        "coordinates": [
          -99.139906,
          19.436142
        ],
        "type": "Point"
      },
      "properties": {
        "bike_pickups_r_minus": 9,
        "bike_returns_r_plus": 0,
        "district_idx": 5,
        "is_hub": false,
        "marker-color": "#f58231",
        "marker-size": "medium",
        "marker-symbol": "bicycle",
        "net_flow": 9,
        "priority_tier": 2,
        "station_id": 65,
        "title": "Station #65 "
      },
      "type": "Feature"
    },
    {
      "geometry": {
        "coordinates": [
          [
            -99.139906,
            19.436142
          ],
          [
            -99.14248,
            19.430625
          ]
        ],
        "type": "LineString"
      },
      "properties": {
        "distance_meters": 670,
        "district_idx": 5,
        "stroke": "#f58231",
        "stroke-opacity": 0.5,
        "stroke-width": 1.5
      },
      "type": "Feature"
    },
    {
      "geometry": {
        "coordinates": [
          -99.143686,
          19.433115
        ],
        "type": "Point"
      },
      "properties": {
        "bike_pickups_r_minus": 4,
        "bike_returns_r_plus": 0,
        "district_idx": 5,
        "is_hub": false,
        "marker-color": "#f58231",
        "marker-size": "medium",
        "marker-symbol": "bicycle",
        "net_flow": 4,
        "priority_tier": 2,
        "station_id": 82,
        "title": "Station #82 "
      },
      "type": "Feature"
    },
    {
      "geometry": {
        "coordinates": [
          [
            -99.143686,
            19.433115
          ],
          [
            -99.14248,
            19.430625
          ]
        ],
        "type": "LineString"
      },
      "properties": {
        "distance_meters": 304,
        "district_idx": 5,
        "stroke": "#f58231",
        "stroke-opacity": 0.5,
        "stroke-width": 1.5
      },
      "type": "Feature"
    },
    {
      "geometry": {
        "coordinates": [
          -99.13974,
          19.43182
        ],
        "type": "Point"
      },
      "properties": {
        "bike_pickups_r_minus": 11,
        "bike_returns_r_plus": 0,
        "district_idx": 5,
        "is_hub": false,
        "marker-color": "#f58231",
        "marker-size": "medium",
        "marker-symbol": "bicycle",
        "net_flow": 11,
        "priority_tier": 2,
        "station_id": 87,
        "title": "Station #87 "
      },
      "type": "Feature"
    },
    {
      "geometry": {
        "coordinates": [
          [
            -99.13974,
            19.43182
          ],
          [
            -99.14248,
            19.430625
          ]
        ],
        "type": "LineString"
      },
      "properties": {
        "distance_meters": 317,
        "district_idx": 5,
        "stroke": "#f58231",
        "stroke-opacity": 0.5,
        "stroke-width": 1.5
      },
      "type": "Feature"
    },
    {
      "geometry": {
        "coordinates": [
          -99.135303,
          19.433815
        ],
        "type": "Point"
      },
      "properties": {
        "bike_pickups_r_minus": 7,
        "bike_returns_r_plus": 0,
        "district_idx": 5,
        "is_hub": false,
        "marker-color": "#f58231",
        "marker-size": "medium",
        "marker-symbol": "bicycle",
        "net_flow": 7,
        "priority_tier": 3,
        "station_id": 88,
        "title": "Station #88 "
      },
      "type": "Feature"
    },
    {
      "geometry": {
        "coordinates": [
          [
            -99.135303,
            19.433815
          ],
          [
            -99.14248,
            19.430625
          ]
        ],
        "type": "LineString"
      },
      "properties": {
        "distance_meters": 832,
        "district_idx": 5,
        "stroke": "#f58231",
        "stroke-opacity": 0.5,
        "stroke-width": 1.5
      },
      "type": "Feature"
    },
    {
      "geometry": {
        "coordinates": [
          -99.133989,
          19.434946
        ],
        "type": "Point"
      },
      "properties": {
        "bike_pickups_r_minus": 3,
        "bike_returns_r_plus": 0,
        "district_idx": 5,
        "is_hub": false,
        "marker-color": "#f58231",
        "marker-size": "medium",
        "marker-symbol": "bicycle",
        "net_flow": 3,
        "priority_tier": 3,
        "station_id": 89,
        "title": "Station #89 "
      },
      "type": "Feature"
    },
    {
      "geometry": {
        "coordinates": [
          [
            -99.133989,
            19.434946
          ],
          [
            -99.14248,
            19.430625
          ]
        ],
        "type": "LineString"
      },
      "properties": {
        "distance_meters": 1012,
        "district_idx": 5,
        "stroke": "#f58231",
        "stroke-opacity": 0.5,
        "stroke-width": 1.5
      },
      "type": "Feature"
    },
    {
      "geometry": {
        "coordinates": [
          -99.132446,
          19.431698
        ],
        "type": "Point"
      },
      "properties": {
        "bike_pickups_r_minus": 5,
        "bike_returns_r_plus": 0,
        "district_idx": 5,
        "is_hub": false,
        "marker-color": "#f58231",
        "marker-size": "medium",
        "marker-symbol": "bicycle",
        "net_flow": 5,
        "priority_tier": 3,
        "station_id": 90,
        "title": "Station #90 "
      },
      "type": "Feature"
    },
    {
      "geometry": {
        "coordinates": [
          [
            -99.132446,
            19.431698
          ],
          [
            -99.14248,
            19.430625
          ]
        ],
        "type": "LineString"
      },
      "properties": {
        "distance_meters": 1059,
        "district_idx": 5,
        "stroke": "#f58231",
        "stroke-opacity": 0.5,
        "stroke-width": 1.5
      },
      "type": "Feature"
    },
    {
      "geometry": {
        "coordinates": [
          -99.137571,
          19.4374
        ],
        "type": "Point"
      },
      "properties": {
        "bike_pickups_r_minus": 0,
        "bike_returns_r_plus": 3,
        "district_idx": 5,
        "is_hub": false,
        "marker-color": "#f58231",
        "marker-size": "medium",
        "marker-symbol": "bicycle",
        "net_flow": -3,
        "priority_tier": 4,
        "station_id": 91,
        "title": "Station #91 "
      },
      "type": "Feature"
    },
    {
      "geometry": {
        "coordinates": [
          [
            -99.137571,
            19.4374
          ],
          [
            -99.14248,
            19.430625
          ]
        ],
        "type": "LineString"
      },
      "properties": {
        "distance_meters": 913,
        "district_idx": 5,
        "stroke": "#f58231",
        "stroke-opacity": 0.5,
        "stroke-width": 1.5
      },
      "type": "Feature"
    },
    {
      "geometry": {
        "coordinates": [
          -99.131497,
          19.436531
        ],
        "type": "Point"
      },
      "properties": {
        "bike_pickups_r_minus": 3,
        "bike_returns_r_plus": 0,
        "district_idx": 5,
        "is_hub": false,
        "marker-color": "#f58231",
        "marker-size": "medium",
        "marker-symbol": "bicycle",
        "net_flow": 3,
        "priority_tier": 4,
        "station_id": 92,
        "title": "Station #92 "
      },
      "type": "Feature"
    },
    {
      "geometry": {
        "coordinates": [
          [
            -99.131497,
            19.436531
          ],
          [
            -99.14248,
            19.430625
          ]
        ],
        "type": "LineString"
      },
      "properties": {
        "distance_meters": 1326,
        "district_idx": 5,
        "stroke": "#f58231",
        "stroke-opacity": 0.5,
        "stroke-width": 1.5
      },
      "type": "Feature"
    },
    {
      "geometry": {
        "coordinates": [
          -99.134811,
          19.436741
        ],
        "type": "Point"
      },
      "properties": {
        "bike_pickups_r_minus": 0,
        "bike_returns_r_plus": 0,
        "district_idx": 5,
        "is_hub": false,
        "marker-color": "#f58231",
        "marker-size": "medium",
        "marker-symbol": "bicycle",
        "net_flow": 0,
        "priority_tier": 3,
        "station_id": 93,
        "title": "Station #93 "
      },
      "type": "Feature"
    },
    {
      "geometry": {
        "coordinates": [
          [
            -99.134811,
            19.436741
          ],
          [
            -99.14248,
            19.430625
          ]
        ],
        "type": "LineString"
      },
      "properties": {
        "distance_meters": 1053,
        "district_idx": 5,
        "stroke": "#f58231",
        "stroke-opacity": 0.5,
        "stroke-width": 1.5
      },
      "type": "Feature"
    },
    {
      "geometry": {
        "coordinates": [
          -99.130918,
          19.433766
        ],
        "type": "Point"
      },
      "properties": {
        "bike_pickups_r_minus": 5,
        "bike_returns_r_plus": 0,
        "district_idx": 5,
        "is_hub": false,
        "marker-color": "#f58231",
        "marker-size": "medium",
        "marker-symbol": "bicycle",
        "net_flow": 5,
        "priority_tier": 3,
        "station_id": 94,
        "title": "Station #94 "
      },
      "type": "Feature"
    },
    {
      "geometry": {
        "coordinates": [
          [
            -99.130918,
            19.433766
          ],
          [
            -99.14248,
            19.430625
          ]
        ],
        "type": "LineString"
      },
      "properties": {
        "distance_meters": 1262,
        "district_idx": 5,
        "stroke": "#f58231",
        "stroke-opacity": 0.5,
        "stroke-width": 1.5
      },
      "type": "Feature"
    },
    {
      "geometry": {
        "coordinates": [
          -99.133698,
          19.430722
        ],
        "type": "Point"
      },
      "properties": {
        "bike_pickups_r_minus": 5,
        "bike_returns_r_plus": 0,
        "district_idx": 5,
        "is_hub": false,
        "marker-color": "#f58231",
        "marker-size": "medium",
        "marker-symbol": "bicycle",
        "net_flow": 5,
        "priority_tier": 2,
        "station_id": 95,
        "title": "Station #95 "
      },
      "type": "Feature"
    },
    {
      "geometry": {
        "coordinates": [
          [
            -99.133698,
            19.430722
          ],
          [
            -99.14248,
            19.430625
          ]
        ],
        "type": "LineString"
      },
      "properties": {
        "distance_meters": 921,
        "district_idx": 5,
        "stroke": "#f58231",
        "stroke-opacity": 0.5,
        "stroke-width": 1.5
      },
      "type": "Feature"
    },
    {
      "geometry": {
        "coordinates": [
          -99.14248,
          19.430625
        ],
        "type": "Point"
      },
      "properties": {
        "bike_pickups_r_minus": 4,
        "bike_returns_r_plus": 0,
        "district_idx": 5,
        "is_hub": true,
        "marker-color": "#f58231",
        "marker-size": "large",
        "marker-symbol": "star",
        "net_flow": 4,
        "priority_tier": 1,
        "station_id": 96,
        "title": "Station #96 ★ (HUB)"
      },
      "type": "Feature"
    },
    {
      "geometry": {
        "coordinates": [
          -99.132759,
          19.429189
        ],
        "type": "Point"
      },
      "properties": {
        "bike_pickups_r_minus": 0,
        "bike_returns_r_plus": 0,
        "district_idx": 5,
        "is_hub": false,
        "marker-color": "#f58231",
        "marker-size": "medium",
        "marker-symbol": "bicycle",
        "net_flow": 0,
        "priority_tier": 4,
        "station_id": 97,
        "title": "Station #97 "
      },
      "type": "Feature"
    },
    {
      "geometry": {
        "coordinates": [
          [
            -99.132759,
            19.429189
          ],
          [
            -99.14248,
            19.430625
          ]
        ],
        "type": "LineString"
      },
      "properties": {
        "distance_meters": 1032,
        "district_idx": 5,
        "stroke": "#f58231",
        "stroke-opacity": 0.5,
        "stroke-width": 1.5
      },
      "type": "Feature"
    },
    {
      "geometry": {
        "coordinates": [
          -99.14861,
          19.430267
        ],
        "type": "Point"
      },
      "properties": {
        "bike_pickups_r_minus": 0,
        "bike_returns_r_plus": 5,
        "district_idx": 5,
        "is_hub": false,
        "marker-color": "#f58231",
        "marker-size": "medium",
        "marker-symbol": "bicycle",
        "net_flow": -5,
        "priority_tier": 4,
        "station_id": 98,
        "title": "Station #98 "
      },
      "type": "Feature"
    },
    {
      "geometry": {
        "coordinates": [
          [
            -99.14861,
            19.430267
          ],
          [
            -99.14248,
            19.430625
          ]
        ],
        "type": "LineString"
      },
      "properties": {
        "distance_meters": 644,
        "district_idx": 5,
        "stroke": "#f58231",
        "stroke-opacity": 0.5,
        "stroke-width": 1.5
      },
      "type": "Feature"
    },
    {
      "geometry": {
        "coordinates": [
          -99.14591,
          19.42995
        ],
        "type": "Point"
      },
      "properties": {
        "bike_pickups_r_minus": 8,
        "bike_returns_r_plus": 0,
        "district_idx": 5,
        "is_hub": false,
        "marker-color": "#f58231",
        "marker-size": "medium",
        "marker-symbol": "bicycle",
        "net_flow": 8,
        "priority_tier": 1,
        "station_id": 99,
        "title": "Station #99 "
      },
      "type": "Feature"
    },
    {
      "geometry": {
        "coordinates": [
          [
            -99.14591,
            19.42995
          ],
          [
            -99.14248,
            19.430625
          ]
        ],
        "type": "LineString"
      },
      "properties": {
        "distance_meters": 368,
        "district_idx": 5,
        "stroke": "#f58231",
        "stroke-opacity": 0.5,
        "stroke-width": 1.5
      },
      "type": "Feature"
    },
    {
      "geometry": {
        "coordinates": [
          -99.1338,
          19.428485
        ],
        "type": "Point"
      },
      "properties": {
        "bike_pickups_r_minus": 0,
        "bike_returns_r_plus": 0,
        "district_idx": 5,
        "is_hub": false,
        "marker-color": "#f58231",
        "marker-size": "medium",
        "marker-symbol": "bicycle",
        "net_flow": 0,
        "priority_tier": 4,
        "station_id": 100,
        "title": "Station #100 "
      },
      "type": "Feature"
    },
    {
      "geometry": {
        "coordinates": [
          [
            -99.1338,
            19.428485
          ],
          [
            -99.14248,
            19.430625
          ]
        ],
        "type": "LineString"
      },
      "properties": {
        "distance_meters": 941,
        "district_idx": 5,
        "stroke": "#f58231",
        "stroke-opacity": 0.5,
        "stroke-width": 1.5
      },
      "type": "Feature"
    },
    {
      "geometry": {
        "coordinates": [
          -99.135895,
          19.428366
        ],
        "type": "Point"
      },
      "properties": {
        "bike_pickups_r_minus": 0,
        "bike_returns_r_plus": 0,
        "district_idx": 5,
        "is_hub": false,
        "marker-color": "#f58231",
        "marker-size": "medium",
        "marker-symbol": "bicycle",
        "net_flow": 0,
        "priority_tier": 4,
        "station_id": 101,
        "title": "Station #101 "
      },
      "type": "Feature"
    },
    {
      "geometry": {
        "coordinates": [
          [
            -99.135895,
            19.428366
          ],
          [
            -99.14248,
            19.430625
          ]
        ],
        "type": "LineString"
      },
      "properties": {
        "distance_meters": 735,
        "district_idx": 5,
        "stroke": "#f58231",
        "stroke-opacity": 0.5,
        "stroke-width": 1.5
      },
      "type": "Feature"
    },
    {
      "geometry": {
        "coordinates": [
          -99.13949,
          19.42821
        ],
        "type": "Point"
      },
      "properties": {
        "bike_pickups_r_minus": 2,
        "bike_returns_r_plus": 0,
        "district_idx": 5,
        "is_hub": false,
        "marker-color": "#f58231",
        "marker-size": "medium",
        "marker-symbol": "bicycle",
        "net_flow": 2,
        "priority_tier": 3,
        "station_id": 102,
        "title": "Station #102 "
      },
      "type": "Feature"
    },
    {
      "geometry": {
        "coordinates": [
          [
            -99.13949,
            19.42821
          ],
          [
            -99.14248,
            19.430625
          ]
        ],
        "type": "LineString"
      },
      "properties": {
        "distance_meters": 413,
        "district_idx": 5,
        "stroke": "#f58231",
        "stroke-opacity": 0.5,
        "stroke-width": 1.5
      },
      "type": "Feature"
    },
    {
      "geometry": {
        "coordinates": [
          -99.137116,
          19.427059
        ],
        "type": "Point"
      },
      "properties": {
        "bike_pickups_r_minus": 1,
        "bike_returns_r_plus": 0,
        "district_idx": 5,
        "is_hub": false,
        "marker-color": "#f58231",
        "marker-size": "medium",
        "marker-symbol": "bicycle",
        "net_flow": 1,
        "priority_tier": 3,
        "station_id": 104,
        "title": "Station #104 "
      },
      "type": "Feature"
    },
    {
      "geometry": {
        "coordinates": [
          [
            -99.137116,
            19.427059
          ],
          [
            -99.14248,
            19.430625
          ]
        ],
        "type": "LineString"
      },
      "properties": {
        "distance_meters": 688,
        "district_idx": 5,
        "stroke": "#f58231",
        "stroke-opacity": 0.5,
        "stroke-width": 1.5
      },
      "type": "Feature"
    },
    {
      "geometry": {
        "coordinates": [
          -99.135014,
          19.426755
        ],
        "type": "Point"
      },
      "properties": {
        "bike_pickups_r_minus": 0,
        "bike_returns_r_plus": 4,
        "district_idx": 5,
        "is_hub": false,
        "marker-color": "#f58231",
        "marker-size": "medium",
        "marker-symbol": "bicycle",
        "net_flow": -4,
        "priority_tier": 3,
        "station_id": 105,
        "title": "Station #105 "
      },
      "type": "Feature"
    },
    {
      "geometry": {
        "coordinates": [
          [
            -99.135014,
            19.426755
          ],
          [
            -99.14248,
            19.430625
          ]
        ],
        "type": "LineString"
      },
      "properties": {
        "distance_meters": 894,
        "district_idx": 5,
        "stroke": "#f58231",
        "stroke-opacity": 0.5,
        "stroke-width": 1.5
      },
      "type": "Feature"
    },
    {
      "geometry": {
        "coordinates": [
          -99.133537,
          19.42649
        ],
        "type": "Point"
      },
      "properties": {
        "bike_pickups_r_minus": 0,
        "bike_returns_r_plus": 8,
        "district_idx": 5,
        "is_hub": false,
        "marker-color": "#f58231",
        "marker-size": "medium",
        "marker-symbol": "bicycle",
        "net_flow": -8,
        "priority_tier": 2,
        "station_id": 106,
        "title": "Station #106 "
      },
      "type": "Feature"
    },
    {
      "geometry": {
        "coordinates": [
          [
            -99.133537,
            19.42649
          ],
          [
            -99.14248,
            19.430625
          ]
        ],
        "type": "LineString"
      },
      "properties": {
        "distance_meters": 1045,
        "district_idx": 5,
        "stroke": "#f58231",
        "stroke-opacity": 0.5,
        "stroke-width": 1.5
      },
      "type": "Feature"
    },
    {
      "geometry": {
        "coordinates": [
          -99.149971,
          19.427329
        ],
        "type": "Point"
      },
      "properties": {
        "bike_pickups_r_minus": 0,
        "bike_returns_r_plus": 16,
        "district_idx": 5,
        "is_hub": false,
        "marker-color": "#f58231",
        "marker-size": "medium",
        "marker-symbol": "bicycle",
        "net_flow": -16,
        "priority_tier": 3,
        "station_id": 107,
        "title": "Station #107 "
      },
      "type": "Feature"
    },
    {
      "geometry": {
        "coordinates": [
          [
            -99.149971,
            19.427329
          ],
          [
            -99.14248,
            19.430625
          ]
        ],
        "type": "LineString"
      },
      "properties": {
        "distance_meters": 867,
        "district_idx": 5,
        "stroke": "#f58231",
        "stroke-opacity": 0.5,
        "stroke-width": 1.5
      },
      "type": "Feature"
    },
    {
      "geometry": {
        "coordinates": [
          -99.149533,
          19.427305
        ],
        "type": "Point"
      },
      "properties": {
        "bike_pickups_r_minus": 0,
        "bike_returns_r_plus": 14,
        "district_idx": 5,
        "is_hub": false,
        "marker-color": "#f58231",
        "marker-size": "medium",
        "marker-symbol": "bicycle",
        "net_flow": -14,
        "priority_tier": 2,
        "station_id": 108,
        "title": "Station #108 "
      },
      "type": "Feature"
    },
    {
      "geometry": {
        "coordinates": [
          [
            -99.149533,
            19.427305
          ],
          [
            -99.14248,
            19.430625
          ]
        ],
        "type": "LineString"
      },
      "properties": {
        "distance_meters": 827,
        "district_idx": 5,
        "stroke": "#f58231",
        "stroke-opacity": 0.5,
        "stroke-width": 1.5
      },
      "type": "Feature"
    },
    {
      "geometry": {
        "coordinates": [
          -99.137421,
          19.425311
        ],
        "type": "Point"
      },
      "properties": {
        "bike_pickups_r_minus": 5,
        "bike_returns_r_plus": 0,
        "district_idx": 5,
        "is_hub": false,
        "marker-color": "#f58231",
        "marker-size": "medium",
        "marker-symbol": "bicycle",
        "net_flow": 5,
        "priority_tier": 3,
        "station_id": 109,
        "title": "Station #109 "
      },
      "type": "Feature"
    },
    {
      "geometry": {
        "coordinates": [
          [
            -99.137421,
            19.425311
          ],
          [
            -99.14248,
            19.430625
          ]
        ],
        "type": "LineString"
      },
      "properties": {
        "distance_meters": 794,
        "district_idx": 5,
        "stroke": "#f58231",
        "stroke-opacity": 0.5,
        "stroke-width": 1.5
      },
      "type": "Feature"
    },
    {
      "geometry": {
        "coordinates": [
          -99.14339,
          19.42513
        ],
        "type": "Point"
      },
      "properties": {
        "bike_pickups_r_minus": 0,
        "bike_returns_r_plus": 0,
        "district_idx": 5,
        "is_hub": false,
        "marker-color": "#f58231",
        "marker-size": "medium",
        "marker-symbol": "bicycle",
        "net_flow": 0,
        "priority_tier": 3,
        "station_id": 110,
        "title": "Station #110 "
      },
      "type": "Feature"
    },
    {
      "geometry": {
        "coordinates": [
          [
            -99.14339,
            19.42513
          ],
          [
            -99.14248,
            19.430625
          ]
        ],
        "type": "LineString"
      },
      "properties": {
        "distance_meters": 619,
        "district_idx": 5,
        "stroke": "#f58231",
        "stroke-opacity": 0.5,
        "stroke-width": 1.5
      },
      "type": "Feature"
    },
    {
      "geometry": {
        "coordinates": [
          -99.151734,
          19.432819
        ],
        "type": "Point"
      },
      "properties": {
        "bike_pickups_r_minus": 0,
        "bike_returns_r_plus": 3,
        "district_idx": 5,
        "is_hub": false,
        "marker-color": "#f58231",
        "marker-size": "medium",
        "marker-symbol": "bicycle",
        "net_flow": -3,
        "priority_tier": 4,
        "station_id": 112,
        "title": "Station #112 "
      },
      "type": "Feature"
    },
    {
      "geometry": {
        "coordinates": [
          [
            -99.151734,
            19.432819
          ],
          [
            -99.14248,
            19.430625
          ]
        ],
        "type": "LineString"
      },
      "properties": {
        "distance_meters": 1001,
        "district_idx": 5,
        "stroke": "#f58231",
        "stroke-opacity": 0.5,
        "stroke-width": 1.5
      },
      "type": "Feature"
    },
    {
      "geometry": {
        "coordinates": [
          -99.146337,
          19.425502
        ],
        "type": "Point"
      },
      "properties": {
        "bike_pickups_r_minus": 0,
        "bike_returns_r_plus": 2,
        "district_idx": 5,
        "is_hub": false,
        "marker-color": "#f58231",
        "marker-size": "medium",
        "marker-symbol": "bicycle",
        "net_flow": -2,
        "priority_tier": 3,
        "station_id": 122,
        "title": "Station #122 "
      },
      "type": "Feature"
    },
    {
      "geometry": {
        "coordinates": [
          [
            -99.146337,
            19.425502
          ],
          [
            -99.14248,
            19.430625
          ]
        ],
        "type": "LineString"
      },
      "properties": {
        "distance_meters": 699,
        "district_idx": 5,
        "stroke": "#f58231",
        "stroke-opacity": 0.5,
        "stroke-width": 1.5
      },
      "type": "Feature"
    },
    {
      "geometry": {
        "coordinates": [
          -99.147742,
          19.435354
        ],
        "type": "Point"
      },
      "properties": {
        "bike_pickups_r_minus": 0,
        "bike_returns_r_plus": 8,
        "district_idx": 5,
        "is_hub": false,
        "marker-color": "#f58231",
        "marker-size": "medium",
        "marker-symbol": "bicycle",
        "net_flow": -8,
        "priority_tier": 1,
        "station_id": 260,
        "title": "Station #260 "
      },
      "type": "Feature"
    },
    {
      "geometry": {
        "coordinates": [
          [
            -99.147742,
            19.435354
          ],
          [
            -99.14248,
            19.430625
          ]
        ],
        "type": "LineString"
      },
      "properties": {
        "distance_meters": 762,
        "district_idx": 5,
        "stroke": "#f58231",
        "stroke-opacity": 0.5,
        "stroke-width": 1.5
      },
      "type": "Feature"
    },
    {
      "geometry": {
        "coordinates": [
          -99.13395,
          19.43693
        ],
        "type": "Point"
      },
      "properties": {
        "bike_pickups_r_minus": 0,
        "bike_returns_r_plus": 0,
        "district_idx": 5,
        "is_hub": false,
        "marker-color": "#f58231",
        "marker-size": "medium",
        "marker-symbol": "bicycle",
        "net_flow": 0,
        "priority_tier": 4,
        "station_id": 262,
        "title": "Station #262 "
      },
      "type": "Feature"
    },
    {
      "geometry": {
        "coordinates": [
          [
            -99.13395,
            19.43693
          ],
          [
            -99.14248,
            19.430625
          ]
        ],
        "type": "LineString"
      },
      "properties": {
        "distance_meters": 1137,
        "district_idx": 5,
        "stroke": "#f58231",
        "stroke-opacity": 0.5,
        "stroke-width": 1.5
      },
      "type": "Feature"
    },
    {
      "geometry": {
        "coordinates": [
          -99.14447,
          19.426611
        ],
        "type": "Point"
      },
      "properties": {
        "bike_pickups_r_minus": 0,
        "bike_returns_r_plus": 3,
        "district_idx": 5,
        "is_hub": false,
        "marker-color": "#f58231",
        "marker-size": "medium",
        "marker-symbol": "bicycle",
        "net_flow": -3,
        "priority_tier": 4,
        "station_id": 448,
        "title": "Station #448 "
      },
      "type": "Feature"
    },
    {
      "geometry": {
        "coordinates": [
          [
            -99.14447,
            19.426611
          ],
          [
            -99.14248,
            19.430625
          ]
        ],
        "type": "LineString"
      },
      "properties": {
        "distance_meters": 493,
        "district_idx": 5,
        "stroke": "#f58231",
        "stroke-opacity": 0.5,
        "stroke-width": 1.5
      },
      "type": "Feature"
    },
    {
      "geometry": {
        "coordinates": [
          -99.190755,
          19.42592
        ],
        "type": "Point"
      },
      "properties": {
        "bike_pickups_r_minus": 0,
        "bike_returns_r_plus": 9,
        "district_idx": 6,
        "is_hub": false,
        "marker-color": "#911eb4",
        "marker-size": "medium",
        "marker-symbol": "bicycle",
        "net_flow": -9,
        "priority_tier": 2,
        "station_id": 192,
        "title": "Station #192 "
      },
      "type": "Feature"
    },
    {
      "geometry": {
        "coordinates": [
          [
            -99.190755,
            19.42592
          ],
          [
            -99.195774,
            19.431417
          ]
        ],
        "type": "LineString"
      },
      "properties": {
        "distance_meters": 807,
        "district_idx": 6,
        "stroke": "#911eb4",
        "stroke-opacity": 0.5,
        "stroke-width": 1.5
      },
      "type": "Feature"
    },
    {
      "geometry": {
        "coordinates": [
          -99.190733,
          19.425907
        ],
        "type": "Point"
      },
      "properties": {
        "bike_pickups_r_minus": 0,
        "bike_returns_r_plus": 16,
        "district_idx": 6,
        "is_hub": false,
        "marker-color": "#911eb4",
        "marker-size": "medium",
        "marker-symbol": "bicycle",
        "net_flow": -16,
        "priority_tier": 2,
        "station_id": 193,
        "title": "Station #193 "
      },
      "type": "Feature"
    },
    {
      "geometry": {
        "coordinates": [
          [
            -99.190733,
            19.425907
          ],
          [
            -99.195774,
            19.431417
          ]
        ],
        "type": "LineString"
      },
      "properties": {
        "distance_meters": 809,
        "district_idx": 6,
        "stroke": "#911eb4",
        "stroke-opacity": 0.5,
        "stroke-width": 1.5
      },
      "type": "Feature"
    },
    {
      "geometry": {
        "coordinates": [
          -99.192904,
          19.438349
        ],
        "type": "Point"
      },
      "properties": {
        "bike_pickups_r_minus": 5,
        "bike_returns_r_plus": 0,
        "district_idx": 6,
        "is_hub": false,
        "marker-color": "#911eb4",
        "marker-size": "medium",
        "marker-symbol": "bicycle",
        "net_flow": 5,
        "priority_tier": 3,
        "station_id": 196,
        "title": "Station #196 "
      },
      "type": "Feature"
    },
    {
      "geometry": {
        "coordinates": [
          [
            -99.192904,
            19.438349
          ],
          [
            -99.195774,
            19.431417
          ]
        ],
        "type": "LineString"
      },
      "properties": {
        "distance_meters": 828,
        "district_idx": 6,
        "stroke": "#911eb4",
        "stroke-opacity": 0.5,
        "stroke-width": 1.5
      },
      "type": "Feature"
    },
    {
      "geometry": {
        "coordinates": [
          -99.204316,
          19.440077
        ],
        "type": "Point"
      },
      "properties": {
        "bike_pickups_r_minus": 0,
        "bike_returns_r_plus": 0,
        "district_idx": 6,
        "is_hub": false,
        "marker-color": "#911eb4",
        "marker-size": "medium",
        "marker-symbol": "bicycle",
        "net_flow": 0,
        "priority_tier": 1,
        "station_id": 197,
        "title": "Station #197 "
      },
      "type": "Feature"
    },
    {
      "geometry": {
        "coordinates": [
          [
            -99.204316,
            19.440077
          ],
          [
            -99.195774,
            19.431417
          ]
        ],
        "type": "LineString"
      },
      "properties": {
        "distance_meters": 1315,
        "district_idx": 6,
        "stroke": "#911eb4",
        "stroke-opacity": 0.5,
        "stroke-width": 1.5
      },
      "type": "Feature"
    },
    {
      "geometry": {
        "coordinates": [
          -99.203888,
          19.438168
        ],
        "type": "Point"
      },
      "properties": {
        "bike_pickups_r_minus": 7,
        "bike_returns_r_plus": 0,
        "district_idx": 6,
        "is_hub": false,
        "marker-color": "#911eb4",
        "marker-size": "medium",
        "marker-symbol": "bicycle",
        "net_flow": 7,
        "priority_tier": 2,
        "station_id": 198,
        "title": "Station #198 "
      },
      "type": "Feature"
    },
    {
      "geometry": {
        "coordinates": [
          [
            -99.203888,
            19.438168
          ],
          [
            -99.195774,
            19.431417
          ]
        ],
        "type": "LineString"
      },
      "properties": {
        "distance_meters": 1135,
        "district_idx": 6,
        "stroke": "#911eb4",
        "stroke-opacity": 0.5,
        "stroke-width": 1.5
      },
      "type": "Feature"
    },
    {
      "geometry": {
        "coordinates": [
          -99.197241,
          19.437934
        ],
        "type": "Point"
      },
      "properties": {
        "bike_pickups_r_minus": 11,
        "bike_returns_r_plus": 0,
        "district_idx": 6,
        "is_hub": false,
        "marker-color": "#911eb4",
        "marker-size": "medium",
        "marker-symbol": "bicycle",
        "net_flow": 11,
        "priority_tier": 2,
        "station_id": 199,
        "title": "Station #199 "
      },
      "type": "Feature"
    },
    {
      "geometry": {
        "coordinates": [
          [
            -99.197241,
            19.437934
          ],
          [
            -99.195774,
            19.431417
          ]
        ],
        "type": "LineString"
      },
      "properties": {
        "distance_meters": 741,
        "district_idx": 6,
        "stroke": "#911eb4",
        "stroke-opacity": 0.5,
        "stroke-width": 1.5
      },
      "type": "Feature"
    },
    {
      "geometry": {
        "coordinates": [
          -99.188785,
          19.437596
        ],
        "type": "Point"
      },
      "properties": {
        "bike_pickups_r_minus": 4,
        "bike_returns_r_plus": 0,
        "district_idx": 6,
        "is_hub": false,
        "marker-color": "#911eb4",
        "marker-size": "medium",
        "marker-symbol": "bicycle",
        "net_flow": 4,
        "priority_tier": 2,
        "station_id": 200,
        "title": "Station #200 "
      },
      "type": "Feature"
    },
    {
      "geometry": {
        "coordinates": [
          [
            -99.188785,
            19.437596
          ],
          [
            -99.195774,
            19.431417
          ]
        ],
        "type": "LineString"
      },
      "properties": {
        "distance_meters": 1005,
        "district_idx": 6,
        "stroke": "#911eb4",
        "stroke-opacity": 0.5,
        "stroke-width": 1.5
      },
      "type": "Feature"
    },
    {
      "geometry": {
        "coordinates": [
          -99.198943,
          19.43617
        ],
        "type": "Point"
      },
      "properties": {
        "bike_pickups_r_minus": 9,
        "bike_returns_r_plus": 0,
        "district_idx": 6,
        "is_hub": false,
        "marker-color": "#911eb4",
        "marker-size": "medium",
        "marker-symbol": "bicycle",
        "net_flow": 9,
        "priority_tier": 2,
        "station_id": 202,
        "title": "Station #202 "
      },
      "type": "Feature"
    },
    {
      "geometry": {
        "coordinates": [
          [
            -99.198943,
            19.43617
          ],
          [
            -99.195774,
            19.431417
          ]
        ],
        "type": "LineString"
      },
      "properties": {
        "distance_meters": 624,
        "district_idx": 6,
        "stroke": "#911eb4",
        "stroke-opacity": 0.5,
        "stroke-width": 1.5
      },
      "type": "Feature"
    },
    {
      "geometry": {
        "coordinates": [
          -99.194832,
          19.435985
        ],
        "type": "Point"
      },
      "properties": {
        "bike_pickups_r_minus": 0,
        "bike_returns_r_plus": 8,
        "district_idx": 6,
        "is_hub": false,
        "marker-color": "#911eb4",
        "marker-size": "medium",
        "marker-symbol": "bicycle",
        "net_flow": -8,
        "priority_tier": 2,
        "station_id": 203,
        "title": "Station #203 "
      },
      "type": "Feature"
    },
    {
      "geometry": {
        "coordinates": [
          [
            -99.194832,
            19.435985
          ],
          [
            -99.195774,
            19.431417
          ]
        ],
        "type": "LineString"
      },
      "properties": {
        "distance_meters": 518,
        "district_idx": 6,
        "stroke": "#911eb4",
        "stroke-opacity": 0.5,
        "stroke-width": 1.5
      },
      "type": "Feature"
    },
    {
      "geometry": {
        "coordinates": [
          -99.19152,
          19.435882
        ],
        "type": "Point"
      },
      "properties": {
        "bike_pickups_r_minus": 0,
        "bike_returns_r_plus": 10,
        "district_idx": 6,
        "is_hub": false,
        "marker-color": "#911eb4",
        "marker-size": "medium",
        "marker-symbol": "bicycle",
        "net_flow": -10,
        "priority_tier": 3,
        "station_id": 204,
        "title": "Station #204 "
      },
      "type": "Feature"
    },
    {
      "geometry": {
        "coordinates": [
          [
            -99.19152,
            19.435882
          ],
          [
            -99.195774,
            19.431417
          ]
        ],
        "type": "LineString"
      },
      "properties": {
        "distance_meters": 668,
        "district_idx": 6,
        "stroke": "#911eb4",
        "stroke-opacity": 0.5,
        "stroke-width": 1.5
      },
      "type": "Feature"
    },
    {
      "geometry": {
        "coordinates": [
          -99.201419,
          19.435798
        ],
        "type": "Point"
      },
      "properties": {
        "bike_pickups_r_minus": 0,
        "bike_returns_r_plus": 0,
        "district_idx": 6,
        "is_hub": false,
        "marker-color": "#911eb4",
        "marker-size": "medium",
        "marker-symbol": "bicycle",
        "net_flow": 0,
        "priority_tier": 1,
        "station_id": 206,
        "title": "Station #206 "
      },
      "type": "Feature"
    },
    {
      "geometry": {
        "coordinates": [
          [
            -99.201419,
            19.435798
          ],
          [
            -99.195774,
            19.431417
          ]
        ],
        "type": "LineString"
      },
      "properties": {
        "distance_meters": 767,
        "district_idx": 6,
        "stroke": "#911eb4",
        "stroke-opacity": 0.5,
        "stroke-width": 1.5
      },
      "type": "Feature"
    },
    {
      "geometry": {
        "coordinates": [
          -99.189835,
          19.434182
        ],
        "type": "Point"
      },
      "properties": {
        "bike_pickups_r_minus": 0,
        "bike_returns_r_plus": 0,
        "district_idx": 6,
        "is_hub": false,
        "marker-color": "#911eb4",
        "marker-size": "medium",
        "marker-symbol": "bicycle",
        "net_flow": 0,
        "priority_tier": 1,
        "station_id": 208,
        "title": "Station #208 "
      },
      "type": "Feature"
    },
    {
      "geometry": {
        "coordinates": [
          [
            -99.189835,
            19.434182
          ],
          [
            -99.195774,
            19.431417
          ]
        ],
        "type": "LineString"
      },
      "properties": {
        "distance_meters": 695,
        "district_idx": 6,
        "stroke": "#911eb4",
        "stroke-opacity": 0.5,
        "stroke-width": 1.5
      },
      "type": "Feature"
    },
    {
      "geometry": {
        "coordinates": [
          -99.206359,
          19.435478
        ],
        "type": "Point"
      },
      "properties": {
        "bike_pickups_r_minus": 10,
        "bike_returns_r_plus": 0,
        "district_idx": 6,
        "is_hub": false,
        "marker-color": "#911eb4",
        "marker-size": "medium",
        "marker-symbol": "bicycle",
        "net_flow": 10,
        "priority_tier": 1,
        "station_id": 209,
        "title": "Station #209 "
      },
      "type": "Feature"
    },
    {
      "geometry": {
        "coordinates": [
          [
            -99.206359,
            19.435478
          ],
          [
            -99.195774,
            19.431417
          ]
        ],
        "type": "LineString"
      },
      "properties": {
        "distance_meters": 1199,
        "district_idx": 6,
        "stroke": "#911eb4",
        "stroke-opacity": 0.5,
        "stroke-width": 1.5
      },
      "type": "Feature"
    },
    {
      "geometry": {
        "coordinates": [
          -99.194091,
          19.434076
        ],
        "type": "Point"
      },
      "properties": {
        "bike_pickups_r_minus": 0,
        "bike_returns_r_plus": 6,
        "district_idx": 6,
        "is_hub": false,
        "marker-color": "#911eb4",
        "marker-size": "medium",
        "marker-symbol": "bicycle",
        "net_flow": -6,
        "priority_tier": 2,
        "station_id": 210,
        "title": "Station #210 "
      },
      "type": "Feature"
    },
    {
      "geometry": {
        "coordinates": [
          [
            -99.194091,
            19.434076
          ],
          [
            -99.195774,
            19.431417
          ]
        ],
        "type": "LineString"
      },
      "properties": {
        "distance_meters": 344,
        "district_idx": 6,
        "stroke": "#911eb4",
        "stroke-opacity": 0.5,
        "stroke-width": 1.5
      },
      "type": "Feature"
    },
    {
      "geometry": {
        "coordinates": [
          -99.188528,
          19.433607
        ],
        "type": "Point"
      },
      "properties": {
        "bike_pickups_r_minus": 0,
        "bike_returns_r_plus": 7,
        "district_idx": 6,
        "is_hub": false,
        "marker-color": "#911eb4",
        "marker-size": "medium",
        "marker-symbol": "bicycle",
        "net_flow": -7,
        "priority_tier": 1,
        "station_id": 211,
        "title": "Station #211 "
      },
      "type": "Feature"
    },
    {
      "geometry": {
        "coordinates": [
          [
            -99.188528,
            19.433607
          ],
          [
            -99.195774,
            19.431417
          ]
        ],
        "type": "LineString"
      },
      "properties": {
        "distance_meters": 798,
        "district_idx": 6,
        "stroke": "#911eb4",
        "stroke-opacity": 0.5,
        "stroke-width": 1.5
      },
      "type": "Feature"
    },
    {
      "geometry": {
        "coordinates": [
          -99.206967,
          19.435197
        ],
        "type": "Point"
      },
      "properties": {
        "bike_pickups_r_minus": 0,
        "bike_returns_r_plus": 0,
        "district_idx": 6,
        "is_hub": false,
        "marker-color": "#911eb4",
        "marker-size": "medium",
        "marker-symbol": "bicycle",
        "net_flow": 0,
        "priority_tier": 2,
        "station_id": 213,
        "title": "Station #213 "
      },
      "type": "Feature"
    },
    {
      "geometry": {
        "coordinates": [
          [
            -99.206967,
            19.435197
          ],
          [
            -99.195774,
            19.431417
          ]
        ],
        "type": "LineString"
      },
      "properties": {
        "distance_meters": 1247,
        "district_idx": 6,
        "stroke": "#911eb4",
        "stroke-opacity": 0.5,
        "stroke-width": 1.5
      },
      "type": "Feature"
    },
    {
      "geometry": {
        "coordinates": [
          -99.20322,
          19.434353
        ],
        "type": "Point"
      },
      "properties": {
        "bike_pickups_r_minus": 5,
        "bike_returns_r_plus": 0,
        "district_idx": 6,
        "is_hub": false,
        "marker-color": "#911eb4",
        "marker-size": "medium",
        "marker-symbol": "bicycle",
        "net_flow": 5,
        "priority_tier": 2,
        "station_id": 214,
        "title": "Station #214 "
      },
      "type": "Feature"
    },
    {
      "geometry": {
        "coordinates": [
          [
            -99.20322,
            19.434353
          ],
          [
            -99.195774,
            19.431417
          ]
        ],
        "type": "LineString"
      },
      "properties": {
        "distance_meters": 847,
        "district_idx": 6,
        "stroke": "#911eb4",
        "stroke-opacity": 0.5,
        "stroke-width": 1.5
      },
      "type": "Feature"
    },
    {
      "geometry": {
        "coordinates": [
          -99.19968,
          19.43384
        ],
        "type": "Point"
      },
      "properties": {
        "bike_pickups_r_minus": 10,
        "bike_returns_r_plus": 0,
        "district_idx": 6,
        "is_hub": false,
        "marker-color": "#911eb4",
        "marker-size": "medium",
        "marker-symbol": "bicycle",
        "net_flow": 10,
        "priority_tier": 1,
        "station_id": 215,
        "title": "Station #215 "
      },
      "type": "Feature"
    },
    {
      "geometry": {
        "coordinates": [
          [
            -99.19968,
            19.43384
          ],
          [
            -99.195774,
            19.431417
          ]
        ],
        "type": "LineString"
      },
      "properties": {
        "distance_meters": 490,
        "district_idx": 6,
        "stroke": "#911eb4",
        "stroke-opacity": 0.5,
        "stroke-width": 1.5
      },
      "type": "Feature"
    },
    {
      "geometry": {
        "coordinates": [
          -99.195746,
          19.433419
        ],
        "type": "Point"
      },
      "properties": {
        "bike_pickups_r_minus": 0,
        "bike_returns_r_plus": 0,
        "district_idx": 6,
        "is_hub": false,
        "marker-color": "#911eb4",
        "marker-size": "medium",
        "marker-symbol": "bicycle",
        "net_flow": 0,
        "priority_tier": 3,
        "station_id": 216,
        "title": "Station #216 "
      },
      "type": "Feature"
    },
    {
      "geometry": {
        "coordinates": [
          [
            -99.195746,
            19.433419
          ],
          [
            -99.195774,
            19.431417
          ]
        ],
        "type": "LineString"
      },
      "properties": {
        "distance_meters": 223,
        "district_idx": 6,
        "stroke": "#911eb4",
        "stroke-opacity": 0.5,
        "stroke-width": 1.5
      },
      "type": "Feature"
    },
    {
      "geometry": {
        "coordinates": [
          -99.207808,
          19.433542
        ],
        "type": "Point"
      },
      "properties": {
        "bike_pickups_r_minus": 0,
        "bike_returns_r_plus": 0,
        "district_idx": 6,
        "is_hub": false,
        "marker-color": "#911eb4",
        "marker-size": "medium",
        "marker-symbol": "bicycle",
        "net_flow": 0,
        "priority_tier": 1,
        "station_id": 219,
        "title": "Station #219 "
      },
      "type": "Feature"
    },
    {
      "geometry": {
        "coordinates": [
          [
            -99.207808,
            19.433542
          ],
          [
            -99.195774,
            19.431417
          ]
        ],
        "type": "LineString"
      },
      "properties": {
        "distance_meters": 1284,
        "district_idx": 6,
        "stroke": "#911eb4",
        "stroke-opacity": 0.5,
        "stroke-width": 1.5
      },
      "type": "Feature"
    },
    {
      "geometry": {
        "coordinates": [
          -99.205727,
          19.432655
        ],
        "type": "Point"
      },
      "properties": {
        "bike_pickups_r_minus": 9,
        "bike_returns_r_plus": 0,
        "district_idx": 6,
        "is_hub": false,
        "marker-color": "#911eb4",
        "marker-size": "medium",
        "marker-symbol": "bicycle",
        "net_flow": 9,
        "priority_tier": 2,
        "station_id": 220,
        "title": "Station #220 "
      },
      "type": "Feature"
    },
    {
      "geometry": {
        "coordinates": [
          [
            -99.205727,
            19.432655
          ],
          [
            -99.195774,
            19.431417
          ]
        ],
        "type": "LineString"
      },
      "properties": {
        "distance_meters": 1053,
        "district_idx": 6,
        "stroke": "#911eb4",
        "stroke-opacity": 0.5,
        "stroke-width": 1.5
      },
      "type": "Feature"
    },
    {
      "geometry": {
        "coordinates": [
          -99.201565,
          19.431799
        ],
        "type": "Point"
      },
      "properties": {
        "bike_pickups_r_minus": 0,
        "bike_returns_r_plus": 0,
        "district_idx": 6,
        "is_hub": false,
        "marker-color": "#911eb4",
        "marker-size": "medium",
        "marker-symbol": "bicycle",
        "net_flow": 0,
        "priority_tier": 2,
        "station_id": 221,
        "title": "Station #221 "
      },
      "type": "Feature"
    },
    {
      "geometry": {
        "coordinates": [
          [
            -99.201565,
            19.431799
          ],
          [
            -99.195774,
            19.431417
          ]
        ],
        "type": "LineString"
      },
      "properties": {
        "distance_meters": 609,
        "district_idx": 6,
        "stroke": "#911eb4",
        "stroke-opacity": 0.5,
        "stroke-width": 1.5
      },
      "type": "Feature"
    },
    {
      "geometry": {
        "coordinates": [
          -99.195774,
          19.431417
        ],
        "type": "Point"
      },
      "properties": {
        "bike_pickups_r_minus": 14,
        "bike_returns_r_plus": 0,
        "district_idx": 6,
        "is_hub": true,
        "marker-color": "#911eb4",
        "marker-size": "large",
        "marker-symbol": "star",
        "net_flow": 14,
        "priority_tier": 2,
        "station_id": 222,
        "title": "Station #222 ★ (HUB)"
      },
      "type": "Feature"
    },
    {
      "geometry": {
        "coordinates": [
          -99.191613,
          19.431242
        ],
        "type": "Point"
      },
      "properties": {
        "bike_pickups_r_minus": 0,
        "bike_returns_r_plus": 3,
        "district_idx": 6,
        "is_hub": false,
        "marker-color": "#911eb4",
        "marker-size": "medium",
        "marker-symbol": "bicycle",
        "net_flow": -3,
        "priority_tier": 3,
        "station_id": 223,
        "title": "Station #223 "
      },
      "type": "Feature"
    },
    {
      "geometry": {
        "coordinates": [
          [
            -99.191613,
            19.431242
          ],
          [
            -99.195774,
            19.431417
          ]
        ],
        "type": "LineString"
      },
      "properties": {
        "distance_meters": 437,
        "district_idx": 6,
        "stroke": "#911eb4",
        "stroke-opacity": 0.5,
        "stroke-width": 1.5
      },
      "type": "Feature"
    },
    {
      "geometry": {
        "coordinates": [
          -99.207373,
          19.431791
        ],
        "type": "Point"
      },
      "properties": {
        "bike_pickups_r_minus": 0,
        "bike_returns_r_plus": 0,
        "district_idx": 6,
        "is_hub": false,
        "marker-color": "#911eb4",
        "marker-size": "medium",
        "marker-symbol": "bicycle",
        "net_flow": 0,
        "priority_tier": 2,
        "station_id": 227,
        "title": "Station #227 "
      },
      "type": "Feature"
    },
    {
      "geometry": {
        "coordinates": [
          [
            -99.207373,
            19.431791
          ],
          [
            -99.195774,
            19.431417
          ]
        ],
        "type": "LineString"
      },
      "properties": {
        "distance_meters": 1217,
        "district_idx": 6,
        "stroke": "#911eb4",
        "stroke-opacity": 0.5,
        "stroke-width": 1.5
      },
      "type": "Feature"
    },
    {
      "geometry": {
        "coordinates": [
          -99.19912,
          19.427705
        ],
        "type": "Point"
      },
      "properties": {
        "bike_pickups_r_minus": 6,
        "bike_returns_r_plus": 0,
        "district_idx": 6,
        "is_hub": false,
        "marker-color": "#911eb4",
        "marker-size": "medium",
        "marker-symbol": "bicycle",
        "net_flow": 6,
        "priority_tier": 2,
        "station_id": 228,
        "title": "Station #228 "
      },
      "type": "Feature"
    },
    {
      "geometry": {
        "coordinates": [
          [
            -99.19912,
            19.427705
          ],
          [
            -99.195774,
            19.431417
          ]
        ],
        "type": "LineString"
      },
      "properties": {
        "distance_meters": 542,
        "district_idx": 6,
        "stroke": "#911eb4",
        "stroke-opacity": 0.5,
        "stroke-width": 1.5
      },
      "type": "Feature"
    },
    {
      "geometry": {
        "coordinates": [
          -99.203331,
          19.430515
        ],
        "type": "Point"
      },
      "properties": {
        "bike_pickups_r_minus": 10,
        "bike_returns_r_plus": 0,
        "district_idx": 6,
        "is_hub": false,
        "marker-color": "#911eb4",
        "marker-size": "medium",
        "marker-symbol": "bicycle",
        "net_flow": 10,
        "priority_tier": 2,
        "station_id": 229,
        "title": "Station #229 "
      },
      "type": "Feature"
    },
    {
      "geometry": {
        "coordinates": [
          [
            -99.203331,
            19.430515
          ],
          [
            -99.195774,
            19.431417
          ]
        ],
        "type": "LineString"
      },
      "properties": {
        "distance_meters": 799,
        "district_idx": 6,
        "stroke": "#911eb4",
        "stroke-opacity": 0.5,
        "stroke-width": 1.5
      },
      "type": "Feature"
    },
    {
      "geometry": {
        "coordinates": [
          -99.200074,
          19.430098
        ],
        "type": "Point"
      },
      "properties": {
        "bike_pickups_r_minus": 3,
        "bike_returns_r_plus": 0,
        "district_idx": 6,
        "is_hub": false,
        "marker-color": "#911eb4",
        "marker-size": "medium",
        "marker-symbol": "bicycle",
        "net_flow": 3,
        "priority_tier": 2,
        "station_id": 230,
        "title": "Station #230 "
      },
      "type": "Feature"
    },
    {
      "geometry": {
        "coordinates": [
          [
            -99.200074,
            19.430098
          ],
          [
            -99.195774,
            19.431417
          ]
        ],
        "type": "LineString"
      },
      "properties": {
        "distance_meters": 474,
        "district_idx": 6,
        "stroke": "#911eb4",
        "stroke-opacity": 0.5,
        "stroke-width": 1.5
      },
      "type": "Feature"
    },
    {
      "geometry": {
        "coordinates": [
          -99.19349,
          19.42977
        ],
        "type": "Point"
      },
      "properties": {
        "bike_pickups_r_minus": 13,
        "bike_returns_r_plus": 0,
        "district_idx": 6,
        "is_hub": false,
        "marker-color": "#911eb4",
        "marker-size": "medium",
        "marker-symbol": "bicycle",
        "net_flow": 13,
        "priority_tier": 2,
        "station_id": 231,
        "title": "Station #231 "
      },
      "type": "Feature"
    },
    {
      "geometry": {
        "coordinates": [
          [
            -99.19349,
            19.42977
          ],
          [
            -99.195774,
            19.431417
          ]
        ],
        "type": "LineString"
      },
      "properties": {
        "distance_meters": 302,
        "district_idx": 6,
        "stroke": "#911eb4",
        "stroke-opacity": 0.5,
        "stroke-width": 1.5
      },
      "type": "Feature"
    },
    {
      "geometry": {
        "coordinates": [
          -99.196965,
          19.429314
        ],
        "type": "Point"
      },
      "properties": {
        "bike_pickups_r_minus": 2,
        "bike_returns_r_plus": 0,
        "district_idx": 6,
        "is_hub": false,
        "marker-color": "#911eb4",
        "marker-size": "medium",
        "marker-symbol": "bicycle",
        "net_flow": 2,
        "priority_tier": 1,
        "station_id": 233,
        "title": "Station #233 "
      },
      "type": "Feature"
    },
    {
      "geometry": {
        "coordinates": [
          [
            -99.196965,
            19.429314
          ],
          [
            -99.195774,
            19.431417
          ]
        ],
        "type": "LineString"
      },
      "properties": {
        "distance_meters": 265,
        "district_idx": 6,
        "stroke": "#911eb4",
        "stroke-opacity": 0.5,
        "stroke-width": 1.5
      },
      "type": "Feature"
    },
    {
      "geometry": {
        "coordinates": [
          -99.191539,
          19.42783
        ],
        "type": "Point"
      },
      "properties": {
        "bike_pickups_r_minus": 0,
        "bike_returns_r_plus": 1,
        "district_idx": 6,
        "is_hub": false,
        "marker-color": "#911eb4",
        "marker-size": "medium",
        "marker-symbol": "bicycle",
        "net_flow": -1,
        "priority_tier": 2,
        "station_id": 234,
        "title": "Station #234 "
      },
      "type": "Feature"
    },
    {
      "geometry": {
        "coordinates": [
          [
            -99.191539,
            19.42783
          ],
          [
            -99.195774,
            19.431417
          ]
        ],
        "type": "LineString"
      },
      "properties": {
        "distance_meters": 597,
        "district_idx": 6,
        "stroke": "#911eb4",
        "stroke-opacity": 0.5,
        "stroke-width": 1.5
      },
      "type": "Feature"
    },
    {
      "geometry": {
        "coordinates": [
          -99.20218,
          19.42933
        ],
        "type": "Point"
      },
      "properties": {
        "bike_pickups_r_minus": 8,
        "bike_returns_r_plus": 0,
        "district_idx": 6,
        "is_hub": false,
        "marker-color": "#911eb4",
        "marker-size": "medium",
        "marker-symbol": "bicycle",
        "net_flow": 8,
        "priority_tier": 1,
        "station_id": 235,
        "title": "Station #235 "
      },
      "type": "Feature"
    },
    {
      "geometry": {
        "coordinates": [
          [
            -99.20218,
            19.42933
          ],
          [
            -99.195774,
            19.431417
          ]
        ],
        "type": "LineString"
      },
      "properties": {
        "distance_meters": 711,
        "district_idx": 6,
        "stroke": "#911eb4",
        "stroke-opacity": 0.5,
        "stroke-width": 1.5
      },
      "type": "Feature"
    },
    {
      "geometry": {
        "coordinates": [
          -99.20243,
          19.42944
        ],
        "type": "Point"
      },
      "properties": {
        "bike_pickups_r_minus": 0,
        "bike_returns_r_plus": 0,
        "district_idx": 6,
        "is_hub": false,
        "marker-color": "#911eb4",
        "marker-size": "medium",
        "marker-symbol": "bicycle",
        "net_flow": 0,
        "priority_tier": 1,
        "station_id": 236,
        "title": "Station #236 "
      },
      "type": "Feature"
    },
    {
      "geometry": {
        "coordinates": [
          [
            -99.20243,
            19.42944
          ],
          [
            -99.195774,
            19.431417
          ]
        ],
        "type": "LineString"
      },
      "properties": {
        "distance_meters": 732,
        "district_idx": 6,
        "stroke": "#911eb4",
        "stroke-opacity": 0.5,
        "stroke-width": 1.5
      },
      "type": "Feature"
    },
    {
      "geometry": {
        "coordinates": [
          -99.193986,
          19.426744
        ],
        "type": "Point"
      },
      "properties": {
        "bike_pickups_r_minus": 0,
        "bike_returns_r_plus": 13,
        "district_idx": 6,
        "is_hub": false,
        "marker-color": "#911eb4",
        "marker-size": "medium",
        "marker-symbol": "bicycle",
        "net_flow": -13,
        "priority_tier": 3,
        "station_id": 237,
        "title": "Station #237 "
      },
      "type": "Feature"
    },
    {
      "geometry": {
        "coordinates": [
          [
            -99.193986,
            19.426744
          ],
          [
            -99.195774,
            19.431417
          ]
        ],
        "type": "LineString"
      },
      "properties": {
        "distance_meters": 553,
        "district_idx": 6,
        "stroke": "#911eb4",
        "stroke-opacity": 0.5,
        "stroke-width": 1.5
      },
      "type": "Feature"
    },
    {
      "geometry": {
        "coordinates": [
          -99.193752,
          19.426765
        ],
        "type": "Point"
      },
      "properties": {
        "bike_pickups_r_minus": 0,
        "bike_returns_r_plus": 5,
        "district_idx": 6,
        "is_hub": false,
        "marker-color": "#911eb4",
        "marker-size": "medium",
        "marker-symbol": "bicycle",
        "net_flow": -5,
        "priority_tier": 3,
        "station_id": 238,
        "title": "Station #238 "
      },
      "type": "Feature"
    },
    {
      "geometry": {
        "coordinates": [
          [
            -99.193752,
            19.426765
          ],
          [
            -99.195774,
            19.431417
          ]
        ],
        "type": "LineString"
      },
      "properties": {
        "distance_meters": 559,
        "district_idx": 6,
        "stroke": "#911eb4",
        "stroke-opacity": 0.5,
        "stroke-width": 1.5
      },
      "type": "Feature"
    },
    {
      "geometry": {
        "coordinates": [
          -99.2063,
          19.43855
        ],
        "type": "Point"
      },
      "properties": {
        "bike_pickups_r_minus": 10,
        "bike_returns_r_plus": 0,
        "district_idx": 6,
        "is_hub": false,
        "marker-color": "#911eb4",
        "marker-size": "medium",
        "marker-symbol": "bicycle",
        "net_flow": 10,
        "priority_tier": 2,
        "station_id": 240,
        "title": "Station #240 "
      },
      "type": "Feature"
    },
    {
      "geometry": {
        "coordinates": [
          [
            -99.2063,
            19.43855
          ],
          [
            -99.195774,
            19.431417
          ]
        ],
        "type": "LineString"
      },
      "properties": {
        "distance_meters": 1360,
        "district_idx": 6,
        "stroke": "#911eb4",
        "stroke-opacity": 0.5,
        "stroke-width": 1.5
      },
      "type": "Feature"
    },
    {
      "geometry": {
        "coordinates": [
          -99.20758,
          19.43862
        ],
        "type": "Point"
      },
      "properties": {
        "bike_pickups_r_minus": 0,
        "bike_returns_r_plus": 0,
        "district_idx": 6,
        "is_hub": false,
        "marker-color": "#911eb4",
        "marker-size": "medium",
        "marker-symbol": "bicycle",
        "net_flow": 0,
        "priority_tier": 2,
        "station_id": 241,
        "title": "Station #241 "
      },
      "type": "Feature"
    },
    {
      "geometry": {
        "coordinates": [
          [
            -99.20758,
            19.43862
          ],
          [
            -99.195774,
            19.431417
          ]
        ],
        "type": "LineString"
      },
      "properties": {
        "distance_meters": 1475,
        "district_idx": 6,
        "stroke": "#911eb4",
        "stroke-opacity": 0.5,
        "stroke-width": 1.5
      },
      "type": "Feature"
    },
    {
      "geometry": {
        "coordinates": [
          -99.20105,
          19.440344
        ],
        "type": "Point"
      },
      "properties": {
        "bike_pickups_r_minus": 10,
        "bike_returns_r_plus": 0,
        "district_idx": 6,
        "is_hub": false,
        "marker-color": "#911eb4",
        "marker-size": "medium",
        "marker-symbol": "bicycle",
        "net_flow": 10,
        "priority_tier": 2,
        "station_id": 242,
        "title": "Station #242 "
      },
      "type": "Feature"
    },
    {
      "geometry": {
        "coordinates": [
          [
            -99.20105,
            19.440344
          ],
          [
            -99.195774,
            19.431417
          ]
        ],
        "type": "LineString"
      },
      "properties": {
        "distance_meters": 1137,
        "district_idx": 6,
        "stroke": "#911eb4",
        "stroke-opacity": 0.5,
        "stroke-width": 1.5
      },
      "type": "Feature"
    },
    {
      "geometry": {
        "coordinates": [
          -99.196712,
          19.440839
        ],
        "type": "Point"
      },
      "properties": {
        "bike_pickups_r_minus": 0,
        "bike_returns_r_plus": 1,
        "district_idx": 6,
        "is_hub": false,
        "marker-color": "#911eb4",
        "marker-size": "medium",
        "marker-symbol": "bicycle",
        "net_flow": -1,
        "priority_tier": 3,
        "station_id": 243,
        "title": "Station #243 "
      },
      "type": "Feature"
    },
    {
      "geometry": {
        "coordinates": [
          [
            -99.196712,
            19.440839
          ],
          [
            -99.195774,
            19.431417
          ]
        ],
        "type": "LineString"
      },
      "properties": {
        "distance_meters": 1053,
        "district_idx": 6,
        "stroke": "#911eb4",
        "stroke-opacity": 0.5,
        "stroke-width": 1.5
      },
      "type": "Feature"
    },
    {
      "geometry": {
        "coordinates": [
          -99.193315,
          19.440885
        ],
        "type": "Point"
      },
      "properties": {
        "bike_pickups_r_minus": 0,
        "bike_returns_r_plus": 7,
        "district_idx": 6,
        "is_hub": false,
        "marker-color": "#911eb4",
        "marker-size": "medium",
        "marker-symbol": "bicycle",
        "net_flow": -7,
        "priority_tier": 3,
        "station_id": 244,
        "title": "Station #244 "
      },
      "type": "Feature"
    },
    {
      "geometry": {
        "coordinates": [
          [
            -99.193315,
            19.440885
          ],
          [
            -99.195774,
            19.431417
          ]
        ],
        "type": "LineString"
      },
      "properties": {
        "distance_meters": 1084,
        "district_idx": 6,
        "stroke": "#911eb4",
        "stroke-opacity": 0.5,
        "stroke-width": 1.5
      },
      "type": "Feature"
    },
    {
      "geometry": {
        "coordinates": [
          -99.190368,
          19.438165
        ],
        "type": "Point"
      },
      "properties": {
        "bike_pickups_r_minus": 3,
        "bike_returns_r_plus": 0,
        "district_idx": 6,
        "is_hub": false,
        "marker-color": "#911eb4",
        "marker-size": "medium",
        "marker-symbol": "bicycle",
        "net_flow": 3,
        "priority_tier": 2,
        "station_id": 245,
        "title": "Station #245 "
      },
      "type": "Feature"
    },
    {
      "geometry": {
        "coordinates": [
          [
            -99.190368,
            19.438165
          ],
          [
            -99.195774,
            19.431417
          ]
        ],
        "type": "LineString"
      },
      "properties": {
        "distance_meters": 941,
        "district_idx": 6,
        "stroke": "#911eb4",
        "stroke-opacity": 0.5,
        "stroke-width": 1.5
      },
      "type": "Feature"
    },
    {
      "geometry": {
        "coordinates": [
          -99.201322,
          19.42902
        ],
        "type": "Point"
      },
      "properties": {
        "bike_pickups_r_minus": 16,
        "bike_returns_r_plus": 0,
        "district_idx": 6,
        "is_hub": false,
        "marker-color": "#911eb4",
        "marker-size": "medium",
        "marker-symbol": "bicycle",
        "net_flow": 16,
        "priority_tier": 3,
        "station_id": 451,
        "title": "Station #451 "
      },
      "type": "Feature"
    },
    {
      "geometry": {
        "coordinates": [
          [
            -99.201322,
            19.42902
          ],
          [
            -99.195774,
            19.431417
          ]
        ],
        "type": "LineString"
      },
      "properties": {
        "distance_meters": 640,
        "district_idx": 6,
        "stroke": "#911eb4",
        "stroke-opacity": 0.5,
        "stroke-width": 1.5
      },
      "type": "Feature"
    },
    {
      "geometry": {
        "coordinates": [
          -99.1696894,
          19.3881779
        ],
        "type": "Point"
      },
      "properties": {
        "bike_pickups_r_minus": 2,
        "bike_returns_r_plus": 0,
        "district_idx": 7,
        "is_hub": false,
        "marker-color": "#42d4f4",
        "marker-size": "medium",
        "marker-symbol": "bicycle",
        "net_flow": 2,
        "priority_tier": 4,
        "station_id": 325,
        "title": "Station #325 "
      },
      "type": "Feature"
    },
    {
      "geometry": {
        "coordinates": [
          [
            -99.1696894,
            19.3881779
          ],
          [
            -99.1762233,
            19.3804457
          ]
        ],
        "type": "LineString"
      },
      "properties": {
        "distance_meters": 1100,
        "district_idx": 7,
        "stroke": "#42d4f4",
        "stroke-opacity": 0.5,
        "stroke-width": 1.5
      },
      "type": "Feature"
    },
    {
      "geometry": {
        "coordinates": [
          -99.174811,
          19.388978
        ],
        "type": "Point"
      },
      "properties": {
        "bike_pickups_r_minus": 16,
        "bike_returns_r_plus": 0,
        "district_idx": 7,
        "is_hub": false,
        "marker-color": "#42d4f4",
        "marker-size": "medium",
        "marker-symbol": "bicycle",
        "net_flow": 16,
        "priority_tier": 4,
        "station_id": 326,
        "title": "Station #326 "
      },
      "type": "Feature"
    },
    {
      "geometry": {
        "coordinates": [
          [
            -99.174811,
            19.388978
          ],
          [
            -99.1762233,
            19.3804457
          ]
        ],
        "type": "LineString"
      },
      "properties": {
        "distance_meters": 961,
        "district_idx": 7,
        "stroke": "#42d4f4",
        "stroke-opacity": 0.5,
        "stroke-width": 1.5
      },
      "type": "Feature"
    },
    {
      "geometry": {
        "coordinates": [
          -99.17772,
          19.38885
        ],
        "type": "Point"
      },
      "properties": {
        "bike_pickups_r_minus": 0,
        "bike_returns_r_plus": 0,
        "district_idx": 7,
        "is_hub": false,
        "marker-color": "#42d4f4",
        "marker-size": "medium",
        "marker-symbol": "bicycle",
        "net_flow": 0,
        "priority_tier": 4,
        "station_id": 327,
        "title": "Station #327 "
      },
      "type": "Feature"
    },
    {
      "geometry": {
        "coordinates": [
          [
            -99.17772,
            19.38885
          ],
          [
            -99.1762233,
            19.3804457
          ]
        ],
        "type": "LineString"
      },
      "properties": {
        "distance_meters": 948,
        "district_idx": 7,
        "stroke": "#42d4f4",
        "stroke-opacity": 0.5,
        "stroke-width": 1.5
      },
      "type": "Feature"
    },
    {
      "geometry": {
        "coordinates": [
          -99.183971,
          19.388547
        ],
        "type": "Point"
      },
      "properties": {
        "bike_pickups_r_minus": 0,
        "bike_returns_r_plus": 12,
        "district_idx": 7,
        "is_hub": false,
        "marker-color": "#42d4f4",
        "marker-size": "medium",
        "marker-symbol": "bicycle",
        "net_flow": -12,
        "priority_tier": 4,
        "station_id": 331,
        "title": "Station #331 "
      },
      "type": "Feature"
    },
    {
      "geometry": {
        "coordinates": [
          [
            -99.183971,
            19.388547
          ],
          [
            -99.1762233,
            19.3804457
          ]
        ],
        "type": "LineString"
      },
      "properties": {
        "distance_meters": 1214,
        "district_idx": 7,
        "stroke": "#42d4f4",
        "stroke-opacity": 0.5,
        "stroke-width": 1.5
      },
      "type": "Feature"
    },
    {
      "geometry": {
        "coordinates": [
          -99.183809,
          19.385508
        ],
        "type": "Point"
      },
      "properties": {
        "bike_pickups_r_minus": 0,
        "bike_returns_r_plus": 4,
        "district_idx": 7,
        "is_hub": false,
        "marker-color": "#42d4f4",
        "marker-size": "medium",
        "marker-symbol": "bicycle",
        "net_flow": -4,
        "priority_tier": 3,
        "station_id": 332,
        "title": "Station #332 "
      },
      "type": "Feature"
    },
    {
      "geometry": {
        "coordinates": [
          [
            -99.183809,
            19.385508
          ],
          [
            -99.1762233,
            19.3804457
          ]
        ],
        "type": "LineString"
      },
      "properties": {
        "distance_meters": 975,
        "district_idx": 7,
        "stroke": "#42d4f4",
        "stroke-opacity": 0.5,
        "stroke-width": 1.5
      },
      "type": "Feature"
    },
    {
      "geometry": {
        "coordinates": [
          -99.180978,
          19.387624
        ],
        "type": "Point"
      },
      "properties": {
        "bike_pickups_r_minus": 0,
        "bike_returns_r_plus": 9,
        "district_idx": 7,
        "is_hub": false,
        "marker-color": "#42d4f4",
        "marker-size": "medium",
        "marker-symbol": "bicycle",
        "net_flow": -9,
        "priority_tier": 3,
        "station_id": 333,
        "title": "Station #333 "
      },
      "type": "Feature"
    },
    {
      "geometry": {
        "coordinates": [
          [
            -99.180978,
            19.387624
          ],
          [
            -99.1762233,
            19.3804457
          ]
        ],
        "type": "LineString"
      },
      "properties": {
        "distance_meters": 941,
        "district_idx": 7,
        "stroke": "#42d4f4",
        "stroke-opacity": 0.5,
        "stroke-width": 1.5
      },
      "type": "Feature"
    },
    {
      "geometry": {
        "coordinates": [
          -99.175089,
          19.386568
        ],
        "type": "Point"
      },
      "properties": {
        "bike_pickups_r_minus": 8,
        "bike_returns_r_plus": 0,
        "district_idx": 7,
        "is_hub": false,
        "marker-color": "#42d4f4",
        "marker-size": "medium",
        "marker-symbol": "bicycle",
        "net_flow": 8,
        "priority_tier": 3,
        "station_id": 334,
        "title": "Station #334 "
      },
      "type": "Feature"
    },
    {
      "geometry": {
        "coordinates": [
          [
            -99.175089,
            19.386568
          ],
          [
            -99.1762233,
            19.3804457
          ]
        ],
        "type": "LineString"
      },
      "properties": {
        "distance_meters": 691,
        "district_idx": 7,
        "stroke": "#42d4f4",
        "stroke-opacity": 0.5,
        "stroke-width": 1.5
      },
      "type": "Feature"
    },
    {
      "geometry": {
        "coordinates": [
          -99.173504,
          19.387003
        ],
        "type": "Point"
      },
      "properties": {
        "bike_pickups_r_minus": 13,
        "bike_returns_r_plus": 0,
        "district_idx": 7,
        "is_hub": false,
        "marker-color": "#42d4f4",
        "marker-size": "medium",
        "marker-symbol": "bicycle",
        "net_flow": 13,
        "priority_tier": 3,
        "station_id": 335,
        "title": "Station #335 "
      },
      "type": "Feature"
    },
    {
      "geometry": {
        "coordinates": [
          [
            -99.173504,
            19.387003
          ],
          [
            -99.1762233,
            19.3804457
          ]
        ],
        "type": "LineString"
      },
      "properties": {
        "distance_meters": 783,
        "district_idx": 7,
        "stroke": "#42d4f4",
        "stroke-opacity": 0.5,
        "stroke-width": 1.5
      },
      "type": "Feature"
    },
    {
      "geometry": {
        "coordinates": [
          -99.169673,
          19.385531
        ],
        "type": "Point"
      },
      "properties": {
        "bike_pickups_r_minus": 1,
        "bike_returns_r_plus": 0,
        "district_idx": 7,
        "is_hub": false,
        "marker-color": "#42d4f4",
        "marker-size": "medium",
        "marker-symbol": "bicycle",
        "net_flow": 1,
        "priority_tier": 4,
        "station_id": 336,
        "title": "Station #336 "
      },
      "type": "Feature"
    },
    {
      "geometry": {
        "coordinates": [
          [
            -99.169673,
            19.385531
          ],
          [
            -99.1762233,
            19.3804457
          ]
        ],
        "type": "LineString"
      },
      "properties": {
        "distance_meters": 890,
        "district_idx": 7,
        "stroke": "#42d4f4",
        "stroke-opacity": 0.5,
        "stroke-width": 1.5
      },
      "type": "Feature"
    },
    {
      "geometry": {
        "coordinates": [
          -99.16704,
          19.384849
        ],
        "type": "Point"
      },
      "properties": {
        "bike_pickups_r_minus": 0,
        "bike_returns_r_plus": 5,
        "district_idx": 7,
        "is_hub": false,
        "marker-color": "#42d4f4",
        "marker-size": "medium",
        "marker-symbol": "bicycle",
        "net_flow": -5,
        "priority_tier": 3,
        "station_id": 337,
        "title": "Station #337 "
      },
      "type": "Feature"
    },
    {
      "geometry": {
        "coordinates": [
          [
            -99.16704,
            19.384849
          ],
          [
            -99.1762233,
            19.3804457
          ]
        ],
        "type": "LineString"
      },
      "properties": {
        "distance_meters": 1081,
        "district_idx": 7,
        "stroke": "#42d4f4",
        "stroke-opacity": 0.5,
        "stroke-width": 1.5
      },
      "type": "Feature"
    },
    {
      "geometry": {
        "coordinates": [
          -99.172223,
          19.384498
        ],
        "type": "Point"
      },
      "properties": {
        "bike_pickups_r_minus": 0,
        "bike_returns_r_plus": 0,
        "district_idx": 7,
        "is_hub": false,
        "marker-color": "#42d4f4",
        "marker-size": "medium",
        "marker-symbol": "bicycle",
        "net_flow": 0,
        "priority_tier": 3,
        "station_id": 345,
        "title": "Station #345 "
      },
      "type": "Feature"
    },
    {
      "geometry": {
        "coordinates": [
          [
            -99.172223,
            19.384498
          ],
          [
            -99.1762233,
            19.3804457
          ]
        ],
        "type": "LineString"
      },
      "properties": {
        "distance_meters": 616,
        "district_idx": 7,
        "stroke": "#42d4f4",
        "stroke-opacity": 0.5,
        "stroke-width": 1.5
      },
      "type": "Feature"
    },
    {
      "geometry": {
        "coordinates": [
          -99.174077,
          19.385019
        ],
        "type": "Point"
      },
      "properties": {
        "bike_pickups_r_minus": 8,
        "bike_returns_r_plus": 0,
        "district_idx": 7,
        "is_hub": false,
        "marker-color": "#42d4f4",
        "marker-size": "medium",
        "marker-symbol": "bicycle",
        "net_flow": 8,
        "priority_tier": 3,
        "station_id": 346,
        "title": "Station #346 "
      },
      "type": "Feature"
    },
    {
      "geometry": {
        "coordinates": [
          [
            -99.174077,
            19.385019
          ],
          [
            -99.1762233,
            19.3804457
          ]
        ],
        "type": "LineString"
      },
      "properties": {
        "distance_meters": 556,
        "district_idx": 7,
        "stroke": "#42d4f4",
        "stroke-opacity": 0.5,
        "stroke-width": 1.5
      },
      "type": "Feature"
    },
    {
      "geometry": {
        "coordinates": [
          -99.176097,
          19.384378
        ],
        "type": "Point"
      },
      "properties": {
        "bike_pickups_r_minus": 0,
        "bike_returns_r_plus": 3,
        "district_idx": 7,
        "is_hub": false,
        "marker-color": "#42d4f4",
        "marker-size": "medium",
        "marker-symbol": "bicycle",
        "net_flow": -3,
        "priority_tier": 3,
        "station_id": 347,
        "title": "Station #347 "
      },
      "type": "Feature"
    },
    {
      "geometry": {
        "coordinates": [
          [
            -99.176097,
            19.384378
          ],
          [
            -99.1762233,
            19.3804457
          ]
        ],
        "type": "LineString"
      },
      "properties": {
        "distance_meters": 438,
        "district_idx": 7,
        "stroke": "#42d4f4",
        "stroke-opacity": 0.5,
        "stroke-width": 1.5
      },
      "type": "Feature"
    },
    {
      "geometry": {
        "coordinates": [
          -99.178216,
          19.385365
        ],
        "type": "Point"
      },
      "properties": {
        "bike_pickups_r_minus": 0,
        "bike_returns_r_plus": 3,
        "district_idx": 7,
        "is_hub": false,
        "marker-color": "#42d4f4",
        "marker-size": "medium",
        "marker-symbol": "bicycle",
        "net_flow": -3,
        "priority_tier": 4,
        "station_id": 348,
        "title": "Station #348 "
      },
      "type": "Feature"
    },
    {
      "geometry": {
        "coordinates": [
          [
            -99.178216,
            19.385365
          ],
          [
            -99.1762233,
            19.3804457
          ]
        ],
        "type": "LineString"
      },
      "properties": {
        "distance_meters": 586,
        "district_idx": 7,
        "stroke": "#42d4f4",
        "stroke-opacity": 0.5,
        "stroke-width": 1.5
      },
      "type": "Feature"
    },
    {
      "geometry": {
        "coordinates": [
          -99.180857,
          19.385688
        ],
        "type": "Point"
      },
      "properties": {
        "bike_pickups_r_minus": 0,
        "bike_returns_r_plus": 3,
        "district_idx": 7,
        "is_hub": false,
        "marker-color": "#42d4f4",
        "marker-size": "medium",
        "marker-symbol": "bicycle",
        "net_flow": -3,
        "priority_tier": 3,
        "station_id": 349,
        "title": "Station #349 "
      },
      "type": "Feature"
    },
    {
      "geometry": {
        "coordinates": [
          [
            -99.180857,
            19.385688
          ],
          [
            -99.1762233,
            19.3804457
          ]
        ],
        "type": "LineString"
      },
      "properties": {
        "distance_meters": 759,
        "district_idx": 7,
        "stroke": "#42d4f4",
        "stroke-opacity": 0.5,
        "stroke-width": 1.5
      },
      "type": "Feature"
    },
    {
      "geometry": {
        "coordinates": [
          -99.181482,
          19.384062
        ],
        "type": "Point"
      },
      "properties": {
        "bike_pickups_r_minus": 0,
        "bike_returns_r_plus": 6,
        "district_idx": 7,
        "is_hub": false,
        "marker-color": "#42d4f4",
        "marker-size": "medium",
        "marker-symbol": "bicycle",
        "net_flow": -6,
        "priority_tier": 4,
        "station_id": 350,
        "title": "Station #350 "
      },
      "type": "Feature"
    },
    {
      "geometry": {
        "coordinates": [
          [
            -99.181482,
            19.384062
          ],
          [
            -99.1762233,
            19.3804457
          ]
        ],
        "type": "LineString"
      },
      "properties": {
        "distance_meters": 683,
        "district_idx": 7,
        "stroke": "#42d4f4",
        "stroke-opacity": 0.5,
        "stroke-width": 1.5
      },
      "type": "Feature"
    },
    {
      "geometry": {
        "coordinates": [
          -99.186297,
          19.385751
        ],
        "type": "Point"
      },
      "properties": {
        "bike_pickups_r_minus": 0,
        "bike_returns_r_plus": 4,
        "district_idx": 7,
        "is_hub": false,
        "marker-color": "#42d4f4",
        "marker-size": "medium",
        "marker-symbol": "bicycle",
        "net_flow": -4,
        "priority_tier": 3,
        "station_id": 351,
        "title": "Station #351 "
      },
      "type": "Feature"
    },
    {
      "geometry": {
        "coordinates": [
          [
            -99.186297,
            19.385751
          ],
          [
            -99.1762233,
            19.3804457
          ]
        ],
        "type": "LineString"
      },
      "properties": {
        "distance_meters": 1211,
        "district_idx": 7,
        "stroke": "#42d4f4",
        "stroke-opacity": 0.5,
        "stroke-width": 1.5
      },
      "type": "Feature"
    },
    {
      "geometry": {
        "coordinates": [
          -99.185447,
          19.384114
        ],
        "type": "Point"
      },
      "properties": {
        "bike_pickups_r_minus": 0,
        "bike_returns_r_plus": 8,
        "district_idx": 7,
        "is_hub": false,
        "marker-color": "#42d4f4",
        "marker-size": "medium",
        "marker-symbol": "bicycle",
        "net_flow": -8,
        "priority_tier": 4,
        "station_id": 352,
        "title": "Station #352 "
      },
      "type": "Feature"
    },
    {
      "geometry": {
        "coordinates": [
          [
            -99.185447,
            19.384114
          ],
          [
            -99.1762233,
            19.3804457
          ]
        ],
        "type": "LineString"
      },
      "properties": {
        "distance_meters": 1050,
        "district_idx": 7,
        "stroke": "#42d4f4",
        "stroke-opacity": 0.5,
        "stroke-width": 1.5
      },
      "type": "Feature"
    },
    {
      "geometry": {
        "coordinates": [
          -99.178808,
          19.382168
        ],
        "type": "Point"
      },
      "properties": {
        "bike_pickups_r_minus": 0,
        "bike_returns_r_plus": 1,
        "district_idx": 7,
        "is_hub": false,
        "marker-color": "#42d4f4",
        "marker-size": "medium",
        "marker-symbol": "bicycle",
        "net_flow": -1,
        "priority_tier": 4,
        "station_id": 353,
        "title": "Station #353 "
      },
      "type": "Feature"
    },
    {
      "geometry": {
        "coordinates": [
          [
            -99.178808,
            19.382168
          ],
          [
            -99.1762233,
            19.3804457
          ]
        ],
        "type": "LineString"
      },
      "properties": {
        "distance_meters": 332,
        "district_idx": 7,
        "stroke": "#42d4f4",
        "stroke-opacity": 0.5,
        "stroke-width": 1.5
      },
      "type": "Feature"
    },
    {
      "geometry": {
        "coordinates": [
          -99.176685,
          19.381665
        ],
        "type": "Point"
      },
      "properties": {
        "bike_pickups_r_minus": 0,
        "bike_returns_r_plus": 2,
        "district_idx": 7,
        "is_hub": false,
        "marker-color": "#42d4f4",
        "marker-size": "medium",
        "marker-symbol": "bicycle",
        "net_flow": -2,
        "priority_tier": 3,
        "station_id": 354,
        "title": "Station #354 "
      },
      "type": "Feature"
    },
    {
      "geometry": {
        "coordinates": [
          [
            -99.176685,
            19.381665
          ],
          [
            -99.1762233,
            19.3804457
          ]
        ],
        "type": "LineString"
      },
      "properties": {
        "distance_meters": 144,
        "district_idx": 7,
        "stroke": "#42d4f4",
        "stroke-opacity": 0.5,
        "stroke-width": 1.5
      },
      "type": "Feature"
    },
    {
      "geometry": {
        "coordinates": [
          -99.173291,
          19.38205
        ],
        "type": "Point"
      },
      "properties": {
        "bike_pickups_r_minus": 0,
        "bike_returns_r_plus": 0,
        "district_idx": 7,
        "is_hub": false,
        "marker-color": "#42d4f4",
        "marker-size": "medium",
        "marker-symbol": "bicycle",
        "net_flow": 0,
        "priority_tier": 4,
        "station_id": 355,
        "title": "Station #355 "
      },
      "type": "Feature"
    },
    {
      "geometry": {
        "coordinates": [
          [
            -99.173291,
            19.38205
          ],
          [
            -99.1762233,
            19.3804457
          ]
        ],
        "type": "LineString"
      },
      "properties": {
        "distance_meters": 356,
        "district_idx": 7,
        "stroke": "#42d4f4",
        "stroke-opacity": 0.5,
        "stroke-width": 1.5
      },
      "type": "Feature"
    },
    {
      "geometry": {
        "coordinates": [
          -99.170171,
          19.381292
        ],
        "type": "Point"
      },
      "properties": {
        "bike_pickups_r_minus": 0,
        "bike_returns_r_plus": 0,
        "district_idx": 7,
        "is_hub": false,
        "marker-color": "#42d4f4",
        "marker-size": "medium",
        "marker-symbol": "bicycle",
        "net_flow": 0,
        "priority_tier": 2,
        "station_id": 356,
        "title": "Station #356 "
      },
      "type": "Feature"
    },
    {
      "geometry": {
        "coordinates": [
          [
            -99.170171,
            19.381292
          ],
          [
            -99.1762233,
            19.3804457
          ]
        ],
        "type": "LineString"
      },
      "properties": {
        "distance_meters": 642,
        "district_idx": 7,
        "stroke": "#42d4f4",
        "stroke-opacity": 0.5,
        "stroke-width": 1.5
      },
      "type": "Feature"
    },
    {
      "geometry": {
        "coordinates": [
          -99.1669248,
          19.380598
        ],
        "type": "Point"
      },
      "properties": {
        "bike_pickups_r_minus": 0,
        "bike_returns_r_plus": 1,
        "district_idx": 7,
        "is_hub": false,
        "marker-color": "#42d4f4",
        "marker-size": "medium",
        "marker-symbol": "bicycle",
        "net_flow": -1,
        "priority_tier": 3,
        "station_id": 357,
        "title": "Station #357 "
      },
      "type": "Feature"
    },
    {
      "geometry": {
        "coordinates": [
          [
            -99.1669248,
            19.380598
          ],
          [
            -99.1762233,
            19.3804457
          ]
        ],
        "type": "LineString"
      },
      "properties": {
        "distance_meters": 976,
        "district_idx": 7,
        "stroke": "#42d4f4",
        "stroke-opacity": 0.5,
        "stroke-width": 1.5
      },
      "type": "Feature"
    },
    {
      "geometry": {
        "coordinates": [
          -99.1762233,
          19.3804457
        ],
        "type": "Point"
      },
      "properties": {
        "bike_pickups_r_minus": 7,
        "bike_returns_r_plus": 0,
        "district_idx": 7,
        "is_hub": true,
        "marker-color": "#42d4f4",
        "marker-size": "large",
        "marker-symbol": "star",
        "net_flow": 7,
        "priority_tier": 2,
        "station_id": 361,
        "title": "Station #361 ★ (HUB)"
      },
      "type": "Feature"
    },
    {
      "geometry": {
        "coordinates": [
          -99.181043,
          19.382207
        ],
        "type": "Point"
      },
      "properties": {
        "bike_pickups_r_minus": 0,
        "bike_returns_r_plus": 7,
        "district_idx": 7,
        "is_hub": false,
        "marker-color": "#42d4f4",
        "marker-size": "medium",
        "marker-symbol": "bicycle",
        "net_flow": -7,
        "priority_tier": 4,
        "station_id": 362,
        "title": "Station #362 "
      },
      "type": "Feature"
    },
    {
      "geometry": {
        "coordinates": [
          [
            -99.181043,
            19.382207
          ],
          [
            -99.1762233,
            19.3804457
          ]
        ],
        "type": "LineString"
      },
      "properties": {
        "distance_meters": 542,
        "district_idx": 7,
        "stroke": "#42d4f4",
        "stroke-opacity": 0.5,
        "stroke-width": 1.5
      },
      "type": "Feature"
    },
    {
      "geometry": {
        "coordinates": [
          -99.183851,
          19.380813
        ],
        "type": "Point"
      },
      "properties": {
        "bike_pickups_r_minus": 0,
        "bike_returns_r_plus": 0,
        "district_idx": 7,
        "is_hub": false,
        "marker-color": "#42d4f4",
        "marker-size": "medium",
        "marker-symbol": "bicycle",
        "net_flow": 0,
        "priority_tier": 4,
        "station_id": 363,
        "title": "Station #363 "
      },
      "type": "Feature"
    },
    {
      "geometry": {
        "coordinates": [
          [
            -99.183851,
            19.380813
          ],
          [
            -99.1762233,
            19.3804457
          ]
        ],
        "type": "LineString"
      },
      "properties": {
        "distance_meters": 801,
        "district_idx": 7,
        "stroke": "#42d4f4",
        "stroke-opacity": 0.5,
        "stroke-width": 1.5
      },
      "type": "Feature"
    },
    {
      "geometry": {
        "coordinates": [
          -99.185858,
          19.383063
        ],
        "type": "Point"
      },
      "properties": {
        "bike_pickups_r_minus": 0,
        "bike_returns_r_plus": 7,
        "district_idx": 7,
        "is_hub": false,
        "marker-color": "#42d4f4",
        "marker-size": "medium",
        "marker-symbol": "bicycle",
        "net_flow": -7,
        "priority_tier": 4,
        "station_id": 364,
        "title": "Station #364 "
      },
      "type": "Feature"
    },
    {
      "geometry": {
        "coordinates": [
          [
            -99.185858,
            19.383063
          ],
          [
            -99.1762233,
            19.3804457
          ]
        ],
        "type": "LineString"
      },
      "properties": {
        "distance_meters": 1052,
        "district_idx": 7,
        "stroke": "#42d4f4",
        "stroke-opacity": 0.5,
        "stroke-width": 1.5
      },
      "type": "Feature"
    },
    {
      "geometry": {
        "coordinates": [
          -99.186687,
          19.381117
        ],
        "type": "Point"
      },
      "properties": {
        "bike_pickups_r_minus": 0,
        "bike_returns_r_plus": 0,
        "district_idx": 7,
        "is_hub": false,
        "marker-color": "#42d4f4",
        "marker-size": "medium",
        "marker-symbol": "bicycle",
        "net_flow": 0,
        "priority_tier": 3,
        "station_id": 365,
        "title": "Station #365 "
      },
      "type": "Feature"
    },
    {
      "geometry": {
        "coordinates": [
          [
            -99.186687,
            19.381117
          ],
          [
            -99.1762233,
            19.3804457
          ]
        ],
        "type": "LineString"
      },
      "properties": {
        "distance_meters": 1100,
        "district_idx": 7,
        "stroke": "#42d4f4",
        "stroke-opacity": 0.5,
        "stroke-width": 1.5
      },
      "type": "Feature"
    },
    {
      "geometry": {
        "coordinates": [
          -99.181973,
          19.378345
        ],
        "type": "Point"
      },
      "properties": {
        "bike_pickups_r_minus": 0,
        "bike_returns_r_plus": 2,
        "district_idx": 7,
        "is_hub": false,
        "marker-color": "#42d4f4",
        "marker-size": "medium",
        "marker-symbol": "bicycle",
        "net_flow": -2,
        "priority_tier": 4,
        "station_id": 366,
        "title": "Station #366 "
      },
      "type": "Feature"
    },
    {
      "geometry": {
        "coordinates": [
          [
            -99.181973,
            19.378345
          ],
          [
            -99.1762233,
            19.3804457
          ]
        ],
        "type": "LineString"
      },
      "properties": {
        "distance_meters": 647,
        "district_idx": 7,
        "stroke": "#42d4f4",
        "stroke-opacity": 0.5,
        "stroke-width": 1.5
      },
      "type": "Feature"
    },
    {
      "geometry": {
        "coordinates": [
          -99.181632,
          19.37946
        ],
        "type": "Point"
      },
      "properties": {
        "bike_pickups_r_minus": 0,
        "bike_returns_r_plus": 6,
        "district_idx": 7,
        "is_hub": false,
        "marker-color": "#42d4f4",
        "marker-size": "medium",
        "marker-symbol": "bicycle",
        "net_flow": -6,
        "priority_tier": 3,
        "station_id": 367,
        "title": "Station #367 "
      },
      "type": "Feature"
    },
    {
      "geometry": {
        "coordinates": [
          [
            -99.181632,
            19.37946
          ],
          [
            -99.1762233,
            19.3804457
          ]
        ],
        "type": "LineString"
      },
      "properties": {
        "distance_meters": 578,
        "district_idx": 7,
        "stroke": "#42d4f4",
        "stroke-opacity": 0.5,
        "stroke-width": 1.5
      },
      "type": "Feature"
    },
    {
      "geometry": {
        "coordinates": [
          -99.179344,
          19.379246
        ],
        "type": "Point"
      },
      "properties": {
        "bike_pickups_r_minus": 0,
        "bike_returns_r_plus": 1,
        "district_idx": 7,
        "is_hub": false,
        "marker-color": "#42d4f4",
        "marker-size": "medium",
        "marker-symbol": "bicycle",
        "net_flow": -1,
        "priority_tier": 4,
        "station_id": 368,
        "title": "Station #368 "
      },
      "type": "Feature"
    },
    {
      "geometry": {
        "coordinates": [
          [
            -99.179344,
            19.379246
          ],
          [
            -99.1762233,
            19.3804457
          ]
        ],
        "type": "LineString"
      },
      "properties": {
        "distance_meters": 354,
        "district_idx": 7,
        "stroke": "#42d4f4",
        "stroke-opacity": 0.5,
        "stroke-width": 1.5
      },
      "type": "Feature"
    },
    {
      "geometry": {
        "coordinates": [
          -99.177478,
          19.379884
        ],
        "type": "Point"
      },
      "properties": {
        "bike_pickups_r_minus": 6,
        "bike_returns_r_plus": 0,
        "district_idx": 7,
        "is_hub": false,
        "marker-color": "#42d4f4",
        "marker-size": "medium",
        "marker-symbol": "bicycle",
        "net_flow": 6,
        "priority_tier": 3,
        "station_id": 369,
        "title": "Station #369 "
      },
      "type": "Feature"
    },
    {
      "geometry": {
        "coordinates": [
          [
            -99.177478,
            19.379884
          ],
          [
            -99.1762233,
            19.3804457
          ]
        ],
        "type": "LineString"
      },
      "properties": {
        "distance_meters": 146,
        "district_idx": 7,
        "stroke": "#42d4f4",
        "stroke-opacity": 0.5,
        "stroke-width": 1.5
      },
      "type": "Feature"
    },
    {
      "geometry": {
        "coordinates": [
          -99.177054,
          19.378818
        ],
        "type": "Point"
      },
      "properties": {
        "bike_pickups_r_minus": 13,
        "bike_returns_r_plus": 0,
        "district_idx": 7,
        "is_hub": false,
        "marker-color": "#42d4f4",
        "marker-size": "medium",
        "marker-symbol": "bicycle",
        "net_flow": 13,
        "priority_tier": 3,
        "station_id": 370,
        "title": "Station #370 "
      },
      "type": "Feature"
    },
    {
      "geometry": {
        "coordinates": [
          [
            -99.177054,
            19.378818
          ],
          [
            -99.1762233,
            19.3804457
          ]
        ],
        "type": "LineString"
      },
      "properties": {
        "distance_meters": 201,
        "district_idx": 7,
        "stroke": "#42d4f4",
        "stroke-opacity": 0.5,
        "stroke-width": 1.5
      },
      "type": "Feature"
    },
    {
      "geometry": {
        "coordinates": [
          -99.174328,
          19.378542
        ],
        "type": "Point"
      },
      "properties": {
        "bike_pickups_r_minus": 4,
        "bike_returns_r_plus": 0,
        "district_idx": 7,
        "is_hub": false,
        "marker-color": "#42d4f4",
        "marker-size": "medium",
        "marker-symbol": "bicycle",
        "net_flow": 4,
        "priority_tier": 3,
        "station_id": 371,
        "title": "Station #371 "
      },
      "type": "Feature"
    },
    {
      "geometry": {
        "coordinates": [
          [
            -99.174328,
            19.378542
          ],
          [
            -99.1762233,
            19.3804457
          ]
        ],
        "type": "LineString"
      },
      "properties": {
        "distance_meters": 290,
        "district_idx": 7,
        "stroke": "#42d4f4",
        "stroke-opacity": 0.5,
        "stroke-width": 1.5
      },
      "type": "Feature"
    },
    {
      "geometry": {
        "coordinates": [
          -99.170289,
          19.37797
        ],
        "type": "Point"
      },
      "properties": {
        "bike_pickups_r_minus": 0,
        "bike_returns_r_plus": 6,
        "district_idx": 7,
        "is_hub": false,
        "marker-color": "#42d4f4",
        "marker-size": "medium",
        "marker-symbol": "bicycle",
        "net_flow": -6,
        "priority_tier": 2,
        "station_id": 372,
        "title": "Station #372 "
      },
      "type": "Feature"
    },
    {
      "geometry": {
        "coordinates": [
          [
            -99.170289,
            19.37797
          ],
          [
            -99.1762233,
            19.3804457
          ]
        ],
        "type": "LineString"
      },
      "properties": {
        "distance_meters": 681,
        "district_idx": 7,
        "stroke": "#42d4f4",
        "stroke-opacity": 0.5,
        "stroke-width": 1.5
      },
      "type": "Feature"
    },
    {
      "geometry": {
        "coordinates": [
          -99.17084,
          19.375751
        ],
        "type": "Point"
      },
      "properties": {
        "bike_pickups_r_minus": 0,
        "bike_returns_r_plus": 3,
        "district_idx": 7,
        "is_hub": false,
        "marker-color": "#42d4f4",
        "marker-size": "medium",
        "marker-symbol": "bicycle",
        "net_flow": -3,
        "priority_tier": 4,
        "station_id": 379,
        "title": "Station #379 "
      },
      "type": "Feature"
    },
    {
      "geometry": {
        "coordinates": [
          [
            -99.17084,
            19.375751
          ],
          [
            -99.1762233,
            19.3804457
          ]
        ],
        "type": "LineString"
      },
      "properties": {
        "distance_meters": 769,
        "district_idx": 7,
        "stroke": "#42d4f4",
        "stroke-opacity": 0.5,
        "stroke-width": 1.5
      },
      "type": "Feature"
    },
    {
      "geometry": {
        "coordinates": [
          -99.173512,
          19.374876
        ],
        "type": "Point"
      },
      "properties": {
        "bike_pickups_r_minus": 0,
        "bike_returns_r_plus": 6,
        "district_idx": 7,
        "is_hub": false,
        "marker-color": "#42d4f4",
        "marker-size": "medium",
        "marker-symbol": "bicycle",
        "net_flow": -6,
        "priority_tier": 4,
        "station_id": 380,
        "title": "Station #380 "
      },
      "type": "Feature"
    },
    {
      "geometry": {
        "coordinates": [
          [
            -99.173512,
            19.374876
          ],
          [
            -99.1762233,
            19.3804457
          ]
        ],
        "type": "LineString"
      },
      "properties": {
        "distance_meters": 682,
        "district_idx": 7,
        "stroke": "#42d4f4",
        "stroke-opacity": 0.5,
        "stroke-width": 1.5
      },
      "type": "Feature"
    },
    {
      "geometry": {
        "coordinates": [
          -99.177894,
          19.375541
        ],
        "type": "Point"
      },
      "properties": {
        "bike_pickups_r_minus": 0,
        "bike_returns_r_plus": 0,
        "district_idx": 7,
        "is_hub": false,
        "marker-color": "#42d4f4",
        "marker-size": "medium",
        "marker-symbol": "bicycle",
        "net_flow": 0,
        "priority_tier": 4,
        "station_id": 381,
        "title": "Station #381 "
      },
      "type": "Feature"
    },
    {
      "geometry": {
        "coordinates": [
          [
            -99.177894,
            19.375541
          ],
          [
            -99.1762233,
            19.3804457
          ]
        ],
        "type": "LineString"
      },
      "properties": {
        "distance_meters": 573,
        "district_idx": 7,
        "stroke": "#42d4f4",
        "stroke-opacity": 0.5,
        "stroke-width": 1.5
      },
      "type": "Feature"
    },
    {
      "geometry": {
        "coordinates": [
          -99.178084,
          19.375591
        ],
        "type": "Point"
      },
      "properties": {
        "bike_pickups_r_minus": 0,
        "bike_returns_r_plus": 4,
        "district_idx": 7,
        "is_hub": false,
        "marker-color": "#42d4f4",
        "marker-size": "medium",
        "marker-symbol": "bicycle",
        "net_flow": -4,
        "priority_tier": 3,
        "station_id": 382,
        "title": "Station #382 "
      },
      "type": "Feature"
    },
    {
      "geometry": {
        "coordinates": [
          [
            -99.178084,
            19.375591
          ],
          [
            -99.1762233,
            19.3804457
          ]
        ],
        "type": "LineString"
      },
      "properties": {
        "distance_meters": 574,
        "district_idx": 7,
        "stroke": "#42d4f4",
        "stroke-opacity": 0.5,
        "stroke-width": 1.5
      },
      "type": "Feature"
    },
    {
      "geometry": {
        "coordinates": [
          -99.181527,
          19.375764
        ],
        "type": "Point"
      },
      "properties": {
        "bike_pickups_r_minus": 0,
        "bike_returns_r_plus": 3,
        "district_idx": 7,
        "is_hub": false,
        "marker-color": "#42d4f4",
        "marker-size": "medium",
        "marker-symbol": "bicycle",
        "net_flow": -3,
        "priority_tier": 3,
        "station_id": 383,
        "title": "Station #383 "
      },
      "type": "Feature"
    },
    {
      "geometry": {
        "coordinates": [
          [
            -99.181527,
            19.375764
          ],
          [
            -99.1762233,
            19.3804457
          ]
        ],
        "type": "LineString"
      },
      "properties": {
        "distance_meters": 762,
        "district_idx": 7,
        "stroke": "#42d4f4",
        "stroke-opacity": 0.5,
        "stroke-width": 1.5
      },
      "type": "Feature"
    },
    {
      "geometry": {
        "coordinates": [
          -99.185583,
          19.375873
        ],
        "type": "Point"
      },
      "properties": {
        "bike_pickups_r_minus": 0,
        "bike_returns_r_plus": 9,
        "district_idx": 7,
        "is_hub": false,
        "marker-color": "#42d4f4",
        "marker-size": "medium",
        "marker-symbol": "bicycle",
        "net_flow": -9,
        "priority_tier": 3,
        "station_id": 384,
        "title": "Station #384 "
      },
      "type": "Feature"
    },
    {
      "geometry": {
        "coordinates": [
          [
            -99.185583,
            19.375873
          ],
          [
            -99.1762233,
            19.3804457
          ]
        ],
        "type": "LineString"
      },
      "properties": {
        "distance_meters": 1106,
        "district_idx": 7,
        "stroke": "#42d4f4",
        "stroke-opacity": 0.5,
        "stroke-width": 1.5
      },
      "type": "Feature"
    },
    {
      "geometry": {
        "coordinates": [
          -99.18558,
          19.375651
        ],
        "type": "Point"
      },
      "properties": {
        "bike_pickups_r_minus": 0,
        "bike_returns_r_plus": 10,
        "district_idx": 7,
        "is_hub": false,
        "marker-color": "#42d4f4",
        "marker-size": "medium",
        "marker-symbol": "bicycle",
        "net_flow": -10,
        "priority_tier": 3,
        "station_id": 385,
        "title": "Station #385 "
      },
      "type": "Feature"
    },
    {
      "geometry": {
        "coordinates": [
          [
            -99.18558,
            19.375651
          ],
          [
            -99.1762233,
            19.3804457
          ]
        ],
        "type": "LineString"
      },
      "properties": {
        "distance_meters": 1117,
        "district_idx": 7,
        "stroke": "#42d4f4",
        "stroke-opacity": 0.5,
        "stroke-width": 1.5
      },
      "type": "Feature"
    },
    {
      "geometry": {
        "coordinates": [
          -99.185846,
          19.37484
        ],
        "type": "Point"
      },
      "properties": {
        "bike_pickups_r_minus": 0,
        "bike_returns_r_plus": 10,
        "district_idx": 7,
        "is_hub": false,
        "marker-color": "#42d4f4",
        "marker-size": "medium",
        "marker-symbol": "bicycle",
        "net_flow": -10,
        "priority_tier": 3,
        "station_id": 386,
        "title": "Station #386 "
      },
      "type": "Feature"
    },
    {
      "geometry": {
        "coordinates": [
          [
            -99.185846,
            19.37484
          ],
          [
            -99.1762233,
            19.3804457
          ]
        ],
        "type": "LineString"
      },
      "properties": {
        "distance_meters": 1187,
        "district_idx": 7,
        "stroke": "#42d4f4",
        "stroke-opacity": 0.5,
        "stroke-width": 1.5
      },
      "type": "Feature"
    },
    {
      "geometry": {
        "coordinates": [
          -99.18050556,
          19.37455556
        ],
        "type": "Point"
      },
      "properties": {
        "bike_pickups_r_minus": 0,
        "bike_returns_r_plus": 0,
        "district_idx": 7,
        "is_hub": false,
        "marker-color": "#42d4f4",
        "marker-size": "medium",
        "marker-symbol": "bicycle",
        "net_flow": 0,
        "priority_tier": 3,
        "station_id": 387,
        "title": "Station #387 "
      },
      "type": "Feature"
    },
    {
      "geometry": {
        "coordinates": [
          [
            -99.18050556,
            19.37455556
          ],
          [
            -99.1762233,
            19.3804457
          ]
        ],
        "type": "LineString"
      },
      "properties": {
        "distance_meters": 794,
        "district_idx": 7,
        "stroke": "#42d4f4",
        "stroke-opacity": 0.5,
        "stroke-width": 1.5
      },
      "type": "Feature"
    },
    {
      "geometry": {
        "coordinates": [
          -99.168051,
          19.433296
        ],
        "type": "Point"
      },
      "properties": {
        "bike_pickups_r_minus": 0,
        "bike_returns_r_plus": 0,
        "district_idx": 8,
        "is_hub": false,
        "marker-color": "#f032e6",
        "marker-size": "medium",
        "marker-symbol": "bicycle",
        "net_flow": 0,
        "priority_tier": 2,
        "station_id": 1,
        "title": "Station #1 "
      },
      "type": "Feature"
    },
    {
      "geometry": {
        "coordinates": [
          [
            -99.168051,
            19.433296
          ],
          [
            -99.16007,
            19.43935
          ]
        ],
        "type": "LineString"
      },
      "properties": {
        "distance_meters": 1074,
        "district_idx": 8,
        "stroke": "#f032e6",
        "stroke-opacity": 0.5,
        "stroke-width": 1.5
      },
      "type": "Feature"
    },
    {
      "geometry": {
        "coordinates": [
          -99.158668,
          19.431655
        ],
        "type": "Point"
      },
      "properties": {
        "bike_pickups_r_minus": 0,
        "bike_returns_r_plus": 0,
        "district_idx": 8,
        "is_hub": false,
        "marker-color": "#f032e6",
        "marker-size": "medium",
        "marker-symbol": "bicycle",
        "net_flow": 0,
        "priority_tier": 1,
        "station_id": 3,
        "title": "Station #3 "
      },
      "type": "Feature"
    },
    {
      "geometry": {
        "coordinates": [
          [
            -99.158668,
            19.431655
          ],
          [
            -99.16007,
            19.43935
          ]
        ],
        "type": "LineString"
      },
      "properties": {
        "distance_meters": 868,
        "district_idx": 8,
        "stroke": "#f032e6",
        "stroke-opacity": 0.5,
        "stroke-width": 1.5
      },
      "type": "Feature"
    },
    {
      "geometry": {
        "coordinates": [
          -99.166959,
          19.430922
        ],
        "type": "Point"
      },
      "properties": {
        "bike_pickups_r_minus": 6,
        "bike_returns_r_plus": 0,
        "district_idx": 8,
        "is_hub": false,
        "marker-color": "#f032e6",
        "marker-size": "medium",
        "marker-symbol": "bicycle",
        "net_flow": 6,
        "priority_tier": 4,
        "station_id": 6,
        "title": "Station #6 "
      },
      "type": "Feature"
    },
    {
      "geometry": {
        "coordinates": [
          [
            -99.166959,
            19.430922
          ],
          [
            -99.16007,
            19.43935
          ]
        ],
        "type": "LineString"
      },
      "properties": {
        "distance_meters": 1184,
        "district_idx": 8,
        "stroke": "#f032e6",
        "stroke-opacity": 0.5,
        "stroke-width": 1.5
      },
      "type": "Feature"
    },
    {
      "geometry": {
        "coordinates": [
          -99.154752,
          19.433321
        ],
        "type": "Point"
      },
      "properties": {
        "bike_pickups_r_minus": 11,
        "bike_returns_r_plus": 0,
        "district_idx": 8,
        "is_hub": false,
        "marker-color": "#f032e6",
        "marker-size": "medium",
        "marker-symbol": "bicycle",
        "net_flow": 11,
        "priority_tier": 2,
        "station_id": 10,
        "title": "Station #10 "
      },
      "type": "Feature"
    },
    {
      "geometry": {
        "coordinates": [
          [
            -99.154752,
            19.433321
          ],
          [
            -99.16007,
            19.43935
          ]
        ],
        "type": "LineString"
      },
      "properties": {
        "distance_meters": 872,
        "district_idx": 8,
        "stroke": "#f032e6",
        "stroke-opacity": 0.5,
        "stroke-width": 1.5
      },
      "type": "Feature"
    },
    {
      "geometry": {
        "coordinates": [
          -99.163593,
          19.430992
        ],
        "type": "Point"
      },
      "properties": {
        "bike_pickups_r_minus": 5,
        "bike_returns_r_plus": 0,
        "district_idx": 8,
        "is_hub": false,
        "marker-color": "#f032e6",
        "marker-size": "medium",
        "marker-symbol": "bicycle",
        "net_flow": 5,
        "priority_tier": 2,
        "station_id": 11,
        "title": "Station #11 "
      },
      "type": "Feature"
    },
    {
      "geometry": {
        "coordinates": [
          [
            -99.163593,
            19.430992
          ],
          [
            -99.16007,
            19.43935
          ]
        ],
        "type": "LineString"
      },
      "properties": {
        "distance_meters": 1000,
        "district_idx": 8,
        "stroke": "#f032e6",
        "stroke-opacity": 0.5,
        "stroke-width": 1.5
      },
      "type": "Feature"
    },
    {
      "geometry": {
        "coordinates": [
          -99.161597,
          19.432313
        ],
        "type": "Point"
      },
      "properties": {
        "bike_pickups_r_minus": 0,
        "bike_returns_r_plus": 1,
        "district_idx": 8,
        "is_hub": false,
        "marker-color": "#f032e6",
        "marker-size": "medium",
        "marker-symbol": "bicycle",
        "net_flow": -1,
        "priority_tier": 2,
        "station_id": 12,
        "title": "Station #12 "
      },
      "type": "Feature"
    },
    {
      "geometry": {
        "coordinates": [
          [
            -99.161597,
            19.432313
          ],
          [
            -99.16007,
            19.43935
          ]
        ],
        "type": "LineString"
      },
      "properties": {
        "distance_meters": 799,
        "district_idx": 8,
        "stroke": "#f032e6",
        "stroke-opacity": 0.5,
        "stroke-width": 1.5
      },
      "type": "Feature"
    },
    {
      "geometry": {
        "coordinates": [
          -99.154726,
          19.432685
        ],
        "type": "Point"
      },
      "properties": {
        "bike_pickups_r_minus": 4,
        "bike_returns_r_plus": 0,
        "district_idx": 8,
        "is_hub": false,
        "marker-color": "#f032e6",
        "marker-size": "medium",
        "marker-symbol": "bicycle",
        "net_flow": 4,
        "priority_tier": 2,
        "station_id": 26,
        "title": "Station #26 "
      },
      "type": "Feature"
    },
    {
      "geometry": {
        "coordinates": [
          [
            -99.154726,
            19.432685
          ],
          [
            -99.16007,
            19.43935
          ]
        ],
        "type": "LineString"
      },
      "properties": {
        "distance_meters": 929,
        "district_idx": 8,
        "stroke": "#f032e6",
        "stroke-opacity": 0.5,
        "stroke-width": 1.5
      },
      "type": "Feature"
    },
    {
      "geometry": {
        "coordinates": [
          -99.162508,
          19.43425
        ],
        "type": "Point"
      },
      "properties": {
        "bike_pickups_r_minus": 0,
        "bike_returns_r_plus": 6,
        "district_idx": 8,
        "is_hub": false,
        "marker-color": "#f032e6",
        "marker-size": "medium",
        "marker-symbol": "bicycle",
        "net_flow": -6,
        "priority_tier": 2,
        "station_id": 85,
        "title": "Station #85 "
      },
      "type": "Feature"
    },
    {
      "geometry": {
        "coordinates": [
          [
            -99.162508,
            19.43425
          ],
          [
            -99.16007,
            19.43935
          ]
        ],
        "type": "LineString"
      },
      "properties": {
        "distance_meters": 622,
        "district_idx": 8,
        "stroke": "#f032e6",
        "stroke-opacity": 0.5,
        "stroke-width": 1.5
      },
      "type": "Feature"
    },
    {
      "geometry": {
        "coordinates": [
          -99.159077,
          19.432378
        ],
        "type": "Point"
      },
      "properties": {
        "bike_pickups_r_minus": 0,
        "bike_returns_r_plus": 8,
        "district_idx": 8,
        "is_hub": false,
        "marker-color": "#f032e6",
        "marker-size": "medium",
        "marker-symbol": "bicycle",
        "net_flow": -8,
        "priority_tier": 2,
        "station_id": 86,
        "title": "Station #86 "
      },
      "type": "Feature"
    },
    {
      "geometry": {
        "coordinates": [
          [
            -99.159077,
            19.432378
          ],
          [
            -99.16007,
            19.43935
          ]
        ],
        "type": "LineString"
      },
      "properties": {
        "distance_meters": 782,
        "district_idx": 8,
        "stroke": "#f032e6",
        "stroke-opacity": 0.5,
        "stroke-width": 1.5
      },
      "type": "Feature"
    },
    {
      "geometry": {
        "coordinates": [
          -99.165217,
          19.441669
        ],
        "type": "Point"
      },
      "properties": {
        "bike_pickups_r_minus": 0,
        "bike_returns_r_plus": 12,
        "district_idx": 8,
        "is_hub": false,
        "marker-color": "#f032e6",
        "marker-size": "medium",
        "marker-symbol": "bicycle",
        "net_flow": -12,
        "priority_tier": 2,
        "station_id": 103,
        "title": "Station #103 "
      },
      "type": "Feature"
    },
    {
      "geometry": {
        "coordinates": [
          [
            -99.165217,
            19.441669
          ],
          [
            -99.16007,
            19.43935
          ]
        ],
        "type": "LineString"
      },
      "properties": {
        "distance_meters": 598,
        "district_idx": 8,
        "stroke": "#f032e6",
        "stroke-opacity": 0.5,
        "stroke-width": 1.5
      },
      "type": "Feature"
    },
    {
      "geometry": {
        "coordinates": [
          -99.166474,
          19.438371
        ],
        "type": "Point"
      },
      "properties": {
        "bike_pickups_r_minus": 0,
        "bike_returns_r_plus": 10,
        "district_idx": 8,
        "is_hub": false,
        "marker-color": "#f032e6",
        "marker-size": "medium",
        "marker-symbol": "bicycle",
        "net_flow": -10,
        "priority_tier": 3,
        "station_id": 111,
        "title": "Station #111 "
      },
      "type": "Feature"
    },
    {
      "geometry": {
        "coordinates": [
          [
            -99.166474,
            19.438371
          ],
          [
            -99.16007,
            19.43935
          ]
        ],
        "type": "LineString"
      },
      "properties": {
        "distance_meters": 680,
        "district_idx": 8,
        "stroke": "#f032e6",
        "stroke-opacity": 0.5,
        "stroke-width": 1.5
      },
      "type": "Feature"
    },
    {
      "geometry": {
        "coordinates": [
          -99.16346,
          19.44025
        ],
        "type": "Point"
      },
      "properties": {
        "bike_pickups_r_minus": 0,
        "bike_returns_r_plus": 13,
        "district_idx": 8,
        "is_hub": false,
        "marker-color": "#f032e6",
        "marker-size": "medium",
        "marker-symbol": "bicycle",
        "net_flow": -13,
        "priority_tier": 2,
        "station_id": 160,
        "title": "Station #160 "
      },
      "type": "Feature"
    },
    {
      "geometry": {
        "coordinates": [
          [
            -99.16346,
            19.44025
          ],
          [
            -99.16007,
            19.43935
          ]
        ],
        "type": "LineString"
      },
      "properties": {
        "distance_meters": 369,
        "district_idx": 8,
        "stroke": "#f032e6",
        "stroke-opacity": 0.5,
        "stroke-width": 1.5
      },
      "type": "Feature"
    },
    {
      "geometry": {
        "coordinates": [
          -99.16164,
          19.44111
        ],
        "type": "Point"
      },
      "properties": {
        "bike_pickups_r_minus": 0,
        "bike_returns_r_plus": 5,
        "district_idx": 8,
        "is_hub": false,
        "marker-color": "#f032e6",
        "marker-size": "medium",
        "marker-symbol": "bicycle",
        "net_flow": -5,
        "priority_tier": 1,
        "station_id": 174,
        "title": "Station #174 "
      },
      "type": "Feature"
    },
    {
      "geometry": {
        "coordinates": [
          [
            -99.16164,
            19.44111
          ],
          [
            -99.16007,
            19.43935
          ]
        ],
        "type": "LineString"
      },
      "properties": {
        "distance_meters": 256,
        "district_idx": 8,
        "stroke": "#f032e6",
        "stroke-opacity": 0.5,
        "stroke-width": 1.5
      },
      "type": "Feature"
    },
    {
      "geometry": {
        "coordinates": [
          -99.152286,
          19.442689
        ],
        "type": "Point"
      },
      "properties": {
        "bike_pickups_r_minus": 0,
        "bike_returns_r_plus": 14,
        "district_idx": 8,
        "is_hub": false,
        "marker-color": "#f032e6",
        "marker-size": "medium",
        "marker-symbol": "bicycle",
        "net_flow": -14,
        "priority_tier": 3,
        "station_id": 176,
        "title": "Station #176 "
      },
      "type": "Feature"
    },
    {
      "geometry": {
        "coordinates": [
          [
            -99.152286,
            19.442689
          ],
          [
            -99.16007,
            19.43935
          ]
        ],
        "type": "LineString"
      },
      "properties": {
        "distance_meters": 897,
        "district_idx": 8,
        "stroke": "#f032e6",
        "stroke-opacity": 0.5,
        "stroke-width": 1.5
      },
      "type": "Feature"
    },
    {
      "geometry": {
        "coordinates": [
          -99.16402,
          19.43767
        ],
        "type": "Point"
      },
      "properties": {
        "bike_pickups_r_minus": 0,
        "bike_returns_r_plus": 13,
        "district_idx": 8,
        "is_hub": false,
        "marker-color": "#f032e6",
        "marker-size": "medium",
        "marker-symbol": "bicycle",
        "net_flow": -13,
        "priority_tier": 2,
        "station_id": 183,
        "title": "Station #183 "
      },
      "type": "Feature"
    },
    {
      "geometry": {
        "coordinates": [
          [
            -99.16402,
            19.43767
          ],
          [
            -99.16007,
            19.43935
          ]
        ],
        "type": "LineString"
      },
      "properties": {
        "distance_meters": 454,
        "district_idx": 8,
        "stroke": "#f032e6",
        "stroke-opacity": 0.5,
        "stroke-width": 1.5
      },
      "type": "Feature"
    },
    {
      "geometry": {
        "coordinates": [
          -99.16007,
          19.43935
        ],
        "type": "Point"
      },
      "properties": {
        "bike_pickups_r_minus": 0,
        "bike_returns_r_plus": 5,
        "district_idx": 8,
        "is_hub": true,
        "marker-color": "#f032e6",
        "marker-size": "large",
        "marker-symbol": "star",
        "net_flow": -5,
        "priority_tier": 2,
        "station_id": 254,
        "title": "Station #254 ★ (HUB)"
      },
      "type": "Feature"
    },
    {
      "geometry": {
        "coordinates": [
          -99.161808,
          19.437159
        ],
        "type": "Point"
      },
      "properties": {
        "bike_pickups_r_minus": 0,
        "bike_returns_r_plus": 15,
        "district_idx": 8,
        "is_hub": false,
        "marker-color": "#f032e6",
        "marker-size": "medium",
        "marker-symbol": "bicycle",
        "net_flow": -15,
        "priority_tier": 2,
        "station_id": 255,
        "title": "Station #255 "
      },
      "type": "Feature"
    },
    {
      "geometry": {
        "coordinates": [
          [
            -99.161808,
            19.437159
          ],
          [
            -99.16007,
            19.43935
          ]
        ],
        "type": "LineString"
      },
      "properties": {
        "distance_meters": 304,
        "district_idx": 8,
        "stroke": "#f032e6",
        "stroke-opacity": 0.5,
        "stroke-width": 1.5
      },
      "type": "Feature"
    },
    {
      "geometry": {
        "coordinates": [
          -99.15816,
          19.4372
        ],
        "type": "Point"
      },
      "properties": {
        "bike_pickups_r_minus": 0,
        "bike_returns_r_plus": 9,
        "district_idx": 8,
        "is_hub": false,
        "marker-color": "#f032e6",
        "marker-size": "medium",
        "marker-symbol": "bicycle",
        "net_flow": -9,
        "priority_tier": 2,
        "station_id": 256,
        "title": "Station #256 "
      },
      "type": "Feature"
    },
    {
      "geometry": {
        "coordinates": [
          [
            -99.15816,
            19.4372
          ],
          [
            -99.16007,
            19.43935
          ]
        ],
        "type": "LineString"
      },
      "properties": {
        "distance_meters": 312,
        "district_idx": 8,
        "stroke": "#f032e6",
        "stroke-opacity": 0.5,
        "stroke-width": 1.5
      },
      "type": "Feature"
    },
    {
      "geometry": {
        "coordinates": [
          -99.16622,
          19.4338
        ],
        "type": "Point"
      },
      "properties": {
        "bike_pickups_r_minus": 0,
        "bike_returns_r_plus": 4,
        "district_idx": 8,
        "is_hub": false,
        "marker-color": "#f032e6",
        "marker-size": "medium",
        "marker-symbol": "bicycle",
        "net_flow": -4,
        "priority_tier": 3,
        "station_id": 257,
        "title": "Station #257 "
      },
      "type": "Feature"
    },
    {
      "geometry": {
        "coordinates": [
          [
            -99.16622,
            19.4338
          ],
          [
            -99.16007,
            19.43935
          ]
        ],
        "type": "LineString"
      },
      "properties": {
        "distance_meters": 893,
        "district_idx": 8,
        "stroke": "#f032e6",
        "stroke-opacity": 0.5,
        "stroke-width": 1.5
      },
      "type": "Feature"
    },
    {
      "geometry": {
        "coordinates": [
          -99.15468,
          19.43757
        ],
        "type": "Point"
      },
      "properties": {
        "bike_pickups_r_minus": 0,
        "bike_returns_r_plus": 6,
        "district_idx": 8,
        "is_hub": false,
        "marker-color": "#f032e6",
        "marker-size": "medium",
        "marker-symbol": "bicycle",
        "net_flow": -6,
        "priority_tier": 2,
        "station_id": 259,
        "title": "Station #259 "
      },
      "type": "Feature"
    },
    {
      "geometry": {
        "coordinates": [
          [
            -99.15468,
            19.43757
          ],
          [
            -99.16007,
            19.43935
          ]
        ],
        "type": "LineString"
      },
      "properties": {
        "distance_meters": 599,
        "district_idx": 8,
        "stroke": "#f032e6",
        "stroke-opacity": 0.5,
        "stroke-width": 1.5
      },
      "type": "Feature"
    },
    {
      "geometry": {
        "coordinates": [
          -99.158425,
          19.436274
        ],
        "type": "Point"
      },
      "properties": {
        "bike_pickups_r_minus": 0,
        "bike_returns_r_plus": 10,
        "district_idx": 8,
        "is_hub": false,
        "marker-color": "#f032e6",
        "marker-size": "medium",
        "marker-symbol": "bicycle",
        "net_flow": -10,
        "priority_tier": 2,
        "station_id": 263,
        "title": "Station #263 "
      },
      "type": "Feature"
    },
    {
      "geometry": {
        "coordinates": [
          [
            -99.158425,
            19.436274
          ],
          [
            -99.16007,
            19.43935
          ]
        ],
        "type": "LineString"
      },
      "properties": {
        "distance_meters": 383,
        "district_idx": 8,
        "stroke": "#f032e6",
        "stroke-opacity": 0.5,
        "stroke-width": 1.5
      },
      "type": "Feature"
    },
    {
      "geometry": {
        "coordinates": [
          -99.152935,
          19.440985
        ],
        "type": "Point"
      },
      "properties": {
        "bike_pickups_r_minus": 0,
        "bike_returns_r_plus": 15,
        "district_idx": 8,
        "is_hub": false,
        "marker-color": "#f032e6",
        "marker-size": "medium",
        "marker-symbol": "bicycle",
        "net_flow": -15,
        "priority_tier": 4,
        "station_id": 264,
        "title": "Station #264 "
      },
      "type": "Feature"
    },
    {
      "geometry": {
        "coordinates": [
          [
            -99.152935,
            19.440985
          ],
          [
            -99.16007,
            19.43935
          ]
        ],
        "type": "LineString"
      },
      "properties": {
        "distance_meters": 770,
        "district_idx": 8,
        "stroke": "#f032e6",
        "stroke-opacity": 0.5,
        "stroke-width": 1.5
      },
      "type": "Feature"
    },
    {
      "geometry": {
        "coordinates": [
          -99.152265,
          19.440839
        ],
        "type": "Point"
      },
      "properties": {
        "bike_pickups_r_minus": 0,
        "bike_returns_r_plus": 13,
        "district_idx": 8,
        "is_hub": false,
        "marker-color": "#f032e6",
        "marker-size": "medium",
        "marker-symbol": "bicycle",
        "net_flow": -13,
        "priority_tier": 2,
        "station_id": 265,
        "title": "Station #265 "
      },
      "type": "Feature"
    },
    {
      "geometry": {
        "coordinates": [
          [
            -99.152265,
            19.440839
          ],
          [
            -99.16007,
            19.43935
          ]
        ],
        "type": "LineString"
      },
      "properties": {
        "distance_meters": 835,
        "district_idx": 8,
        "stroke": "#f032e6",
        "stroke-opacity": 0.5,
        "stroke-width": 1.5
      },
      "type": "Feature"
    },
    {
      "geometry": {
        "coordinates": [
          -99.152187,
          19.444031
        ],
        "type": "Point"
      },
      "properties": {
        "bike_pickups_r_minus": 17,
        "bike_returns_r_plus": 0,
        "district_idx": 8,
        "is_hub": false,
        "marker-color": "#f032e6",
        "marker-size": "medium",
        "marker-symbol": "bicycle",
        "net_flow": 17,
        "priority_tier": 1,
        "station_id": 266,
        "title": "Station #266 "
      },
      "type": "Feature"
    },
    {
      "geometry": {
        "coordinates": [
          [
            -99.152187,
            19.444031
          ],
          [
            -99.16007,
            19.43935
          ]
        ],
        "type": "LineString"
      },
      "properties": {
        "distance_meters": 977,
        "district_idx": 8,
        "stroke": "#f032e6",
        "stroke-opacity": 0.5,
        "stroke-width": 1.5
      },
      "type": "Feature"
    },
    {
      "geometry": {
        "coordinates": [
          -99.152203,
          19.443735
        ],
        "type": "Point"
      },
      "properties": {
        "bike_pickups_r_minus": 0,
        "bike_returns_r_plus": 0,
        "district_idx": 8,
        "is_hub": false,
        "marker-color": "#f032e6",
        "marker-size": "medium",
        "marker-symbol": "bicycle",
        "net_flow": 0,
        "priority_tier": 1,
        "station_id": 267,
        "title": "Station #267 "
      },
      "type": "Feature"
    },
    {
      "geometry": {
        "coordinates": [
          [
            -99.152203,
            19.443735
          ],
          [
            -99.16007,
            19.43935
          ]
        ],
        "type": "LineString"
      },
      "properties": {
        "distance_meters": 958,
        "district_idx": 8,
        "stroke": "#f032e6",
        "stroke-opacity": 0.5,
        "stroke-width": 1.5
      },
      "type": "Feature"
    },
    {
      "geometry": {
        "coordinates": [
          -99.151586,
          19.442448
        ],
        "type": "Point"
      },
      "properties": {
        "bike_pickups_r_minus": 0,
        "bike_returns_r_plus": 16,
        "district_idx": 8,
        "is_hub": false,
        "marker-color": "#f032e6",
        "marker-size": "medium",
        "marker-symbol": "bicycle",
        "net_flow": -16,
        "priority_tier": 3,
        "station_id": 268,
        "title": "Station #268 "
      },
      "type": "Feature"
    },
    {
      "geometry": {
        "coordinates": [
          [
            -99.151586,
            19.442448
          ],
          [
            -99.16007,
            19.43935
          ]
        ],
        "type": "LineString"
      },
      "properties": {
        "distance_meters": 954,
        "district_idx": 8,
        "stroke": "#f032e6",
        "stroke-opacity": 0.5,
        "stroke-width": 1.5
      },
      "type": "Feature"
    },
    {
      "geometry": {
        "coordinates": [
          -99.151658,
          19.442467
        ],
        "type": "Point"
      },
      "properties": {
        "bike_pickups_r_minus": 0,
        "bike_returns_r_plus": 12,
        "district_idx": 8,
        "is_hub": false,
        "marker-color": "#f032e6",
        "marker-size": "medium",
        "marker-symbol": "bicycle",
        "net_flow": -12,
        "priority_tier": 3,
        "station_id": 269,
        "title": "Station #269 "
      },
      "type": "Feature"
    },
    {
      "geometry": {
        "coordinates": [
          [
            -99.151658,
            19.442467
          ],
          [
            -99.16007,
            19.43935
          ]
        ],
        "type": "LineString"
      },
      "properties": {
        "distance_meters": 948,
        "district_idx": 8,
        "stroke": "#f032e6",
        "stroke-opacity": 0.5,
        "stroke-width": 1.5
      },
      "type": "Feature"
    },
    {
      "geometry": {
        "coordinates": [
          -99.15387,
          19.43676
        ],
        "type": "Point"
      },
      "properties": {
        "bike_pickups_r_minus": 0,
        "bike_returns_r_plus": 10,
        "district_idx": 8,
        "is_hub": false,
        "marker-color": "#f032e6",
        "marker-size": "medium",
        "marker-symbol": "bicycle",
        "net_flow": -10,
        "priority_tier": 1,
        "station_id": 270,
        "title": "Station #270 "
      },
      "type": "Feature"
    },
    {
      "geometry": {
        "coordinates": [
          [
            -99.15387,
            19.43676
          ],
          [
            -99.16007,
            19.43935
          ]
        ],
        "type": "LineString"
      },
      "properties": {
        "distance_meters": 711,
        "district_idx": 8,
        "stroke": "#f032e6",
        "stroke-opacity": 0.5,
        "stroke-width": 1.5
      },
      "type": "Feature"
    },
    {
      "geometry": {
        "coordinates": [
          -99.152465,
          19.442689
        ],
        "type": "Point"
      },
      "properties": {
        "bike_pickups_r_minus": 0,
        "bike_returns_r_plus": 0,
        "district_idx": 8,
        "is_hub": false,
        "marker-color": "#f032e6",
        "marker-size": "medium",
        "marker-symbol": "bicycle",
        "net_flow": 0,
        "priority_tier": 1,
        "station_id": 271,
        "title": "Station #271 "
      },
      "type": "Feature"
    },
    {
      "geometry": {
        "coordinates": [
          [
            -99.152465,
            19.442689
          ],
          [
            -99.16007,
            19.43935
          ]
        ],
        "type": "LineString"
      },
      "properties": {
        "distance_meters": 880,
        "district_idx": 8,
        "stroke": "#f032e6",
        "stroke-opacity": 0.5,
        "stroke-width": 1.5
      },
      "type": "Feature"
    },
    {
      "geometry": {
        "coordinates": [
          -99.152491,
          19.443467
        ],
        "type": "Point"
      },
      "properties": {
        "bike_pickups_r_minus": 0,
        "bike_returns_r_plus": 9,
        "district_idx": 8,
        "is_hub": false,
        "marker-color": "#f032e6",
        "marker-size": "medium",
        "marker-symbol": "bicycle",
        "net_flow": -9,
        "priority_tier": 2,
        "station_id": 272,
        "title": "Station #272 "
      },
      "type": "Feature"
    },
    {
      "geometry": {
        "coordinates": [
          [
            -99.152491,
            19.443467
          ],
          [
            -99.16007,
            19.43935
          ]
        ],
        "type": "LineString"
      },
      "properties": {
        "distance_meters": 917,
        "district_idx": 8,
        "stroke": "#f032e6",
        "stroke-opacity": 0.5,
        "stroke-width": 1.5
      },
      "type": "Feature"
    },
    {
      "geometry": {
        "coordinates": [
          -99.152956,
          19.442707
        ],
        "type": "Point"
      },
      "properties": {
        "bike_pickups_r_minus": 0,
        "bike_returns_r_plus": 16,
        "district_idx": 8,
        "is_hub": false,
        "marker-color": "#f032e6",
        "marker-size": "medium",
        "marker-symbol": "bicycle",
        "net_flow": -16,
        "priority_tier": 3,
        "station_id": 273,
        "title": "Station #273 "
      },
      "type": "Feature"
    },
    {
      "geometry": {
        "coordinates": [
          [
            -99.152956,
            19.442707
          ],
          [
            -99.16007,
            19.43935
          ]
        ],
        "type": "LineString"
      },
      "properties": {
        "distance_meters": 834,
        "district_idx": 8,
        "stroke": "#f032e6",
        "stroke-opacity": 0.5,
        "stroke-width": 1.5
      },
      "type": "Feature"
    },
    {
      "geometry": {
        "coordinates": [
          -99.153289,
          19.442772
        ],
        "type": "Point"
      },
      "properties": {
        "bike_pickups_r_minus": 0,
        "bike_returns_r_plus": 15,
        "district_idx": 8,
        "is_hub": false,
        "marker-color": "#f032e6",
        "marker-size": "medium",
        "marker-symbol": "bicycle",
        "net_flow": -15,
        "priority_tier": 2,
        "station_id": 274,
        "title": "Station #274 "
      },
      "type": "Feature"
    },
    {
      "geometry": {
        "coordinates": [
          [
            -99.153289,
            19.442772
          ],
          [
            -99.16007,
            19.43935
          ]
        ],
        "type": "LineString"
      },
      "properties": {
        "distance_meters": 807,
        "district_idx": 8,
        "stroke": "#f032e6",
        "stroke-opacity": 0.5,
        "stroke-width": 1.5
      },
      "type": "Feature"
    },
    {
      "geometry": {
        "coordinates": [
          -99.153164,
          19.441062
        ],
        "type": "Point"
      },
      "properties": {
        "bike_pickups_r_minus": 0,
        "bike_returns_r_plus": 16,
        "district_idx": 8,
        "is_hub": false,
        "marker-color": "#f032e6",
        "marker-size": "medium",
        "marker-symbol": "bicycle",
        "net_flow": -16,
        "priority_tier": 4,
        "station_id": 275,
        "title": "Station #275 "
      },
      "type": "Feature"
    },
    {
      "geometry": {
        "coordinates": [
          [
            -99.153164,
            19.441062
          ],
          [
            -99.16007,
            19.43935
          ]
        ],
        "type": "LineString"
      },
      "properties": {
        "distance_meters": 749,
        "district_idx": 8,
        "stroke": "#f032e6",
        "stroke-opacity": 0.5,
        "stroke-width": 1.5
      },
      "type": "Feature"
    },
    {
      "geometry": {
        "coordinates": [
          -99.152226,
          19.43836
        ],
        "type": "Point"
      },
      "properties": {
        "bike_pickups_r_minus": 0,
        "bike_returns_r_plus": 8,
        "district_idx": 8,
        "is_hub": false,
        "marker-color": "#f032e6",
        "marker-size": "medium",
        "marker-symbol": "bicycle",
        "net_flow": -8,
        "priority_tier": 3,
        "station_id": 450,
        "title": "Station #450 "
      },
      "type": "Feature"
    },
    {
      "geometry": {
        "coordinates": [
          [
            -99.152226,
            19.43836
          ],
          [
            -99.16007,
            19.43935
          ]
        ],
        "type": "LineString"
      },
      "properties": {
        "distance_meters": 830,
        "district_idx": 8,
        "stroke": "#f032e6",
        "stroke-opacity": 0.5,
        "stroke-width": 1.5
      },
      "type": "Feature"
    },
    {
      "geometry": {
        "coordinates": [
          -99.179544,
          19.409893
        ],
        "type": "Point"
      },
      "properties": {
        "bike_pickups_r_minus": 0,
        "bike_returns_r_plus": 3,
        "district_idx": 9,
        "is_hub": false,
        "marker-color": "#bfef45",
        "marker-size": "medium",
        "marker-symbol": "bicycle",
        "net_flow": -3,
        "priority_tier": 2,
        "station_id": 72,
        "title": "Station #72 "
      },
      "type": "Feature"
    },
    {
      "geometry": {
        "coordinates": [
          [
            -99.179544,
            19.409893
          ],
          [
            -99.179943,
            19.399201
          ]
        ],
        "type": "LineString"
      },
      "properties": {
        "distance_meters": 1190,
        "district_idx": 9,
        "stroke": "#bfef45",
        "stroke-opacity": 0.5,
        "stroke-width": 1.5
      },
      "type": "Feature"
    },
    {
      "geometry": {
        "coordinates": [
          -99.178321,
          19.406765
        ],
        "type": "Point"
      },
      "properties": {
        "bike_pickups_r_minus": 0,
        "bike_returns_r_plus": 6,
        "district_idx": 9,
        "is_hub": false,
        "marker-color": "#bfef45",
        "marker-size": "medium",
        "marker-symbol": "bicycle",
        "net_flow": -6,
        "priority_tier": 2,
        "station_id": 77,
        "title": "Station #77 "
      },
      "type": "Feature"
    },
    {
      "geometry": {
        "coordinates": [
          [
            -99.178321,
            19.406765
          ],
          [
            -99.179943,
            19.399201
          ]
        ],
        "type": "LineString"
      },
      "properties": {
        "distance_meters": 858,
        "district_idx": 9,
        "stroke": "#bfef45",
        "stroke-opacity": 0.5,
        "stroke-width": 1.5
      },
      "type": "Feature"
    },
    {
      "geometry": {
        "coordinates": [
          -99.177382,
          19.407503
        ],
        "type": "Point"
      },
      "properties": {
        "bike_pickups_r_minus": 0,
        "bike_returns_r_plus": 14,
        "district_idx": 9,
        "is_hub": false,
        "marker-color": "#bfef45",
        "marker-size": "medium",
        "marker-symbol": "bicycle",
        "net_flow": -14,
        "priority_tier": 2,
        "station_id": 78,
        "title": "Station #78 "
      },
      "type": "Feature"
    },
    {
      "geometry": {
        "coordinates": [
          [
            -99.177382,
            19.407503
          ],
          [
            -99.179943,
            19.399201
          ]
        ],
        "type": "LineString"
      },
      "properties": {
        "distance_meters": 962,
        "district_idx": 9,
        "stroke": "#bfef45",
        "stroke-opacity": 0.5,
        "stroke-width": 1.5
      },
      "type": "Feature"
    },
    {
      "geometry": {
        "coordinates": [
          -99.183549,
          19.406069
        ],
        "type": "Point"
      },
      "properties": {
        "bike_pickups_r_minus": 0,
        "bike_returns_r_plus": 10,
        "district_idx": 9,
        "is_hub": false,
        "marker-color": "#bfef45",
        "marker-size": "medium",
        "marker-symbol": "bicycle",
        "net_flow": -10,
        "priority_tier": 4,
        "station_id": 166,
        "title": "Station #166 "
      },
      "type": "Feature"
    },
    {
      "geometry": {
        "coordinates": [
          [
            -99.183549,
            19.406069
          ],
          [
            -99.179943,
            19.399201
          ]
        ],
        "type": "LineString"
      },
      "properties": {
        "distance_meters": 852,
        "district_idx": 9,
        "stroke": "#bfef45",
        "stroke-opacity": 0.5,
        "stroke-width": 1.5
      },
      "type": "Feature"
    },
    {
      "geometry": {
        "coordinates": [
          -99.179375,
          19.404651
        ],
        "type": "Point"
      },
      "properties": {
        "bike_pickups_r_minus": 0,
        "bike_returns_r_plus": 10,
        "district_idx": 9,
        "is_hub": false,
        "marker-color": "#bfef45",
        "marker-size": "medium",
        "marker-symbol": "bicycle",
        "net_flow": -10,
        "priority_tier": 4,
        "station_id": 167,
        "title": "Station #167 "
      },
      "type": "Feature"
    },
    {
      "geometry": {
        "coordinates": [
          [
            -99.179375,
            19.404651
          ],
          [
            -99.179943,
            19.399201
          ]
        ],
        "type": "LineString"
      },
      "properties": {
        "distance_meters": 609,
        "district_idx": 9,
        "stroke": "#bfef45",
        "stroke-opacity": 0.5,
        "stroke-width": 1.5
      },
      "type": "Feature"
    },
    {
      "geometry": {
        "coordinates": [
          -99.1776,
          19.403997
        ],
        "type": "Point"
      },
      "properties": {
        "bike_pickups_r_minus": 0,
        "bike_returns_r_plus": 8,
        "district_idx": 9,
        "is_hub": false,
        "marker-color": "#bfef45",
        "marker-size": "medium",
        "marker-symbol": "bicycle",
        "net_flow": -8,
        "priority_tier": 3,
        "station_id": 168,
        "title": "Station #168 "
      },
      "type": "Feature"
    },
    {
      "geometry": {
        "coordinates": [
          [
            -99.1776,
            19.403997
          ],
          [
            -99.179943,
            19.399201
          ]
        ],
        "type": "LineString"
      },
      "properties": {
        "distance_meters": 587,
        "district_idx": 9,
        "stroke": "#bfef45",
        "stroke-opacity": 0.5,
        "stroke-width": 1.5
      },
      "type": "Feature"
    },
    {
      "geometry": {
        "coordinates": [
          -99.174934,
          19.403019
        ],
        "type": "Point"
      },
      "properties": {
        "bike_pickups_r_minus": 0,
        "bike_returns_r_plus": 0,
        "district_idx": 9,
        "is_hub": false,
        "marker-color": "#bfef45",
        "marker-size": "medium",
        "marker-symbol": "bicycle",
        "net_flow": 0,
        "priority_tier": 2,
        "station_id": 169,
        "title": "Station #169 "
      },
      "type": "Feature"
    },
    {
      "geometry": {
        "coordinates": [
          [
            -99.174934,
            19.403019
          ],
          [
            -99.179943,
            19.399201
          ]
        ],
        "type": "LineString"
      },
      "properties": {
        "distance_meters": 676,
        "district_idx": 9,
        "stroke": "#bfef45",
        "stroke-opacity": 0.5,
        "stroke-width": 1.5
      },
      "type": "Feature"
    },
    {
      "geometry": {
        "coordinates": [
          -99.184342,
          19.404029
        ],
        "type": "Point"
      },
      "properties": {
        "bike_pickups_r_minus": 0,
        "bike_returns_r_plus": 7,
        "district_idx": 9,
        "is_hub": false,
        "marker-color": "#bfef45",
        "marker-size": "medium",
        "marker-symbol": "bicycle",
        "net_flow": -7,
        "priority_tier": 3,
        "station_id": 170,
        "title": "Station #170 "
      },
      "type": "Feature"
    },
    {
      "geometry": {
        "coordinates": [
          [
            -99.184342,
            19.404029
          ],
          [
            -99.179943,
            19.399201
          ]
        ],
        "type": "LineString"
      },
      "properties": {
        "distance_meters": 708,
        "district_idx": 9,
        "stroke": "#bfef45",
        "stroke-opacity": 0.5,
        "stroke-width": 1.5
      },
      "type": "Feature"
    },
    {
      "geometry": {
        "coordinates": [
          -99.178199,
          19.402584
        ],
        "type": "Point"
      },
      "properties": {
        "bike_pickups_r_minus": 0,
        "bike_returns_r_plus": 8,
        "district_idx": 9,
        "is_hub": false,
        "marker-color": "#bfef45",
        "marker-size": "medium",
        "marker-symbol": "bicycle",
        "net_flow": -8,
        "priority_tier": 3,
        "station_id": 171,
        "title": "Station #171 "
      },
      "type": "Feature"
    },
    {
      "geometry": {
        "coordinates": [
          [
            -99.178199,
            19.402584
          ],
          [
            -99.179943,
            19.399201
          ]
        ],
        "type": "LineString"
      },
      "properties": {
        "distance_meters": 418,
        "district_idx": 9,
        "stroke": "#bfef45",
        "stroke-opacity": 0.5,
        "stroke-width": 1.5
      },
      "type": "Feature"
    },
    {
      "geometry": {
        "coordinates": [
          -99.181553,
          19.403365
        ],
        "type": "Point"
      },
      "properties": {
        "bike_pickups_r_minus": 0,
        "bike_returns_r_plus": 5,
        "district_idx": 9,
        "is_hub": false,
        "marker-color": "#bfef45",
        "marker-size": "medium",
        "marker-symbol": "bicycle",
        "net_flow": -5,
        "priority_tier": 2,
        "station_id": 172,
        "title": "Station #172 "
      },
      "type": "Feature"
    },
    {
      "geometry": {
        "coordinates": [
          [
            -99.181553,
            19.403365
          ],
          [
            -99.179943,
            19.399201
          ]
        ],
        "type": "LineString"
      },
      "properties": {
        "distance_meters": 493,
        "district_idx": 9,
        "stroke": "#bfef45",
        "stroke-opacity": 0.5,
        "stroke-width": 1.5
      },
      "type": "Feature"
    },
    {
      "geometry": {
        "coordinates": [
          -99.176398,
          19.401682
        ],
        "type": "Point"
      },
      "properties": {
        "bike_pickups_r_minus": 0,
        "bike_returns_r_plus": 8,
        "district_idx": 9,
        "is_hub": false,
        "marker-color": "#bfef45",
        "marker-size": "medium",
        "marker-symbol": "bicycle",
        "net_flow": -8,
        "priority_tier": 3,
        "station_id": 173,
        "title": "Station #173 "
      },
      "type": "Feature"
    },
    {
      "geometry": {
        "coordinates": [
          [
            -99.176398,
            19.401682
          ],
          [
            -99.179943,
            19.399201
          ]
        ],
        "type": "LineString"
      },
      "properties": {
        "distance_meters": 463,
        "district_idx": 9,
        "stroke": "#bfef45",
        "stroke-opacity": 0.5,
        "stroke-width": 1.5
      },
      "type": "Feature"
    },
    {
      "geometry": {
        "coordinates": [
          -99.172645,
          19.400806
        ],
        "type": "Point"
      },
      "properties": {
        "bike_pickups_r_minus": 0,
        "bike_returns_r_plus": 10,
        "district_idx": 9,
        "is_hub": false,
        "marker-color": "#bfef45",
        "marker-size": "medium",
        "marker-symbol": "bicycle",
        "net_flow": -10,
        "priority_tier": 3,
        "station_id": 175,
        "title": "Station #175 "
      },
      "type": "Feature"
    },
    {
      "geometry": {
        "coordinates": [
          [
            -99.172645,
            19.400806
          ],
          [
            -99.179943,
            19.399201
          ]
        ],
        "type": "LineString"
      },
      "properties": {
        "distance_meters": 786,
        "district_idx": 9,
        "stroke": "#bfef45",
        "stroke-opacity": 0.5,
        "stroke-width": 1.5
      },
      "type": "Feature"
    },
    {
      "geometry": {
        "coordinates": [
          -99.181692,
          19.408841
        ],
        "type": "Point"
      },
      "properties": {
        "bike_pickups_r_minus": 0,
        "bike_returns_r_plus": 2,
        "district_idx": 9,
        "is_hub": false,
        "marker-color": "#bfef45",
        "marker-size": "medium",
        "marker-symbol": "bicycle",
        "net_flow": -2,
        "priority_tier": 3,
        "station_id": 177,
        "title": "Station #177 "
      },
      "type": "Feature"
    },
    {
      "geometry": {
        "coordinates": [
          [
            -99.181692,
            19.408841
          ],
          [
            -99.179943,
            19.399201
          ]
        ],
        "type": "LineString"
      },
      "properties": {
        "distance_meters": 1088,
        "district_idx": 9,
        "stroke": "#bfef45",
        "stroke-opacity": 0.5,
        "stroke-width": 1.5
      },
      "type": "Feature"
    },
    {
      "geometry": {
        "coordinates": [
          -99.180457,
          19.406833
        ],
        "type": "Point"
      },
      "properties": {
        "bike_pickups_r_minus": 0,
        "bike_returns_r_plus": 0,
        "district_idx": 9,
        "is_hub": false,
        "marker-color": "#bfef45",
        "marker-size": "medium",
        "marker-symbol": "bicycle",
        "net_flow": 0,
        "priority_tier": 2,
        "station_id": 178,
        "title": "Station #178 "
      },
      "type": "Feature"
    },
    {
      "geometry": {
        "coordinates": [
          [
            -99.180457,
            19.406833
          ],
          [
            -99.179943,
            19.399201
          ]
        ],
        "type": "LineString"
      },
      "properties": {
        "distance_meters": 851,
        "district_idx": 9,
        "stroke": "#bfef45",
        "stroke-opacity": 0.5,
        "stroke-width": 1.5
      },
      "type": "Feature"
    },
    {
      "geometry": {
        "coordinates": [
          -99.175095,
          19.404976
        ],
        "type": "Point"
      },
      "properties": {
        "bike_pickups_r_minus": 0,
        "bike_returns_r_plus": 8,
        "district_idx": 9,
        "is_hub": false,
        "marker-color": "#bfef45",
        "marker-size": "medium",
        "marker-symbol": "bicycle",
        "net_flow": -8,
        "priority_tier": 4,
        "station_id": 181,
        "title": "Station #181 "
      },
      "type": "Feature"
    },
    {
      "geometry": {
        "coordinates": [
          [
            -99.175095,
            19.404976
          ],
          [
            -99.179943,
            19.399201
          ]
        ],
        "type": "LineString"
      },
      "properties": {
        "distance_meters": 819,
        "district_idx": 9,
        "stroke": "#bfef45",
        "stroke-opacity": 0.5,
        "stroke-width": 1.5
      },
      "type": "Feature"
    },
    {
      "geometry": {
        "coordinates": [
          -99.18875,
          19.41249
        ],
        "type": "Point"
      },
      "properties": {
        "bike_pickups_r_minus": 0,
        "bike_returns_r_plus": 7,
        "district_idx": 9,
        "is_hub": false,
        "marker-color": "#bfef45",
        "marker-size": "medium",
        "marker-symbol": "bicycle",
        "net_flow": -7,
        "priority_tier": 2,
        "station_id": 186,
        "title": "Station #186 "
      },
      "type": "Feature"
    },
    {
      "geometry": {
        "coordinates": [
          [
            -99.18875,
            19.41249
          ],
          [
            -99.179943,
            19.399201
          ]
        ],
        "type": "LineString"
      },
      "properties": {
        "distance_meters": 1743,
        "district_idx": 9,
        "stroke": "#bfef45",
        "stroke-opacity": 0.5,
        "stroke-width": 1.5
      },
      "type": "Feature"
    },
    {
      "geometry": {
        "coordinates": [
          -99.18551,
          19.41123
        ],
        "type": "Point"
      },
      "properties": {
        "bike_pickups_r_minus": 0,
        "bike_returns_r_plus": 4,
        "district_idx": 9,
        "is_hub": false,
        "marker-color": "#bfef45",
        "marker-size": "medium",
        "marker-symbol": "bicycle",
        "net_flow": -4,
        "priority_tier": 3,
        "station_id": 187,
        "title": "Station #187 "
      },
      "type": "Feature"
    },
    {
      "geometry": {
        "coordinates": [
          [
            -99.18551,
            19.41123
          ],
          [
            -99.179943,
            19.399201
          ]
        ],
        "type": "LineString"
      },
      "properties": {
        "distance_meters": 1460,
        "district_idx": 9,
        "stroke": "#bfef45",
        "stroke-opacity": 0.5,
        "stroke-width": 1.5
      },
      "type": "Feature"
    },
    {
      "geometry": {
        "coordinates": [
          -99.19014,
          19.41171
        ],
        "type": "Point"
      },
      "properties": {
        "bike_pickups_r_minus": 0,
        "bike_returns_r_plus": 3,
        "district_idx": 9,
        "is_hub": false,
        "marker-color": "#bfef45",
        "marker-size": "medium",
        "marker-symbol": "bicycle",
        "net_flow": -3,
        "priority_tier": 2,
        "station_id": 188,
        "title": "Station #188 "
      },
      "type": "Feature"
    },
    {
      "geometry": {
        "coordinates": [
          [
            -99.19014,
            19.41171
          ],
          [
            -99.179943,
            19.399201
          ]
        ],
        "type": "LineString"
      },
      "properties": {
        "distance_meters": 1755,
        "district_idx": 9,
        "stroke": "#bfef45",
        "stroke-opacity": 0.5,
        "stroke-width": 1.5
      },
      "type": "Feature"
    },
    {
      "geometry": {
        "coordinates": [
          -99.18798,
          19.41004
        ],
        "type": "Point"
      },
      "properties": {
        "bike_pickups_r_minus": 0,
        "bike_returns_r_plus": 7,
        "district_idx": 9,
        "is_hub": false,
        "marker-color": "#bfef45",
        "marker-size": "medium",
        "marker-symbol": "bicycle",
        "net_flow": -7,
        "priority_tier": 4,
        "station_id": 189,
        "title": "Station #189 "
      },
      "type": "Feature"
    },
    {
      "geometry": {
        "coordinates": [
          [
            -99.18798,
            19.41004
          ],
          [
            -99.179943,
            19.399201
          ]
        ],
        "type": "LineString"
      },
      "properties": {
        "distance_meters": 1471,
        "district_idx": 9,
        "stroke": "#bfef45",
        "stroke-opacity": 0.5,
        "stroke-width": 1.5
      },
      "type": "Feature"
    },
    {
      "geometry": {
        "coordinates": [
          -99.183833,
          19.409569
        ],
        "type": "Point"
      },
      "properties": {
        "bike_pickups_r_minus": 0,
        "bike_returns_r_plus": 10,
        "district_idx": 9,
        "is_hub": false,
        "marker-color": "#bfef45",
        "marker-size": "medium",
        "marker-symbol": "bicycle",
        "net_flow": -10,
        "priority_tier": 3,
        "station_id": 190,
        "title": "Station #190 "
      },
      "type": "Feature"
    },
    {
      "geometry": {
        "coordinates": [
          [
            -99.183833,
            19.409569
          ],
          [
            -99.179943,
            19.399201
          ]
        ],
        "type": "LineString"
      },
      "properties": {
        "distance_meters": 1223,
        "district_idx": 9,
        "stroke": "#bfef45",
        "stroke-opacity": 0.5,
        "stroke-width": 1.5
      },
      "type": "Feature"
    },
    {
      "geometry": {
        "coordinates": [
          -99.18795,
          19.4079
        ],
        "type": "Point"
      },
      "properties": {
        "bike_pickups_r_minus": 0,
        "bike_returns_r_plus": 7,
        "district_idx": 9,
        "is_hub": false,
        "marker-color": "#bfef45",
        "marker-size": "medium",
        "marker-symbol": "bicycle",
        "net_flow": -7,
        "priority_tier": 2,
        "station_id": 191,
        "title": "Station #191 "
      },
      "type": "Feature"
    },
    {
      "geometry": {
        "coordinates": [
          [
            -99.18795,
            19.4079
          ],
          [
            -99.179943,
            19.399201
          ]
        ],
        "type": "LineString"
      },
      "properties": {
        "distance_meters": 1281,
        "district_idx": 9,
        "stroke": "#bfef45",
        "stroke-opacity": 0.5,
        "stroke-width": 1.5
      },
      "type": "Feature"
    },
    {
      "geometry": {
        "coordinates": [
          -99.172981,
          19.397693
        ],
        "type": "Point"
      },
      "properties": {
        "bike_pickups_r_minus": 0,
        "bike_returns_r_plus": 0,
        "district_idx": 9,
        "is_hub": false,
        "marker-color": "#bfef45",
        "marker-size": "medium",
        "marker-symbol": "bicycle",
        "net_flow": 0,
        "priority_tier": 3,
        "station_id": 284,
        "title": "Station #284 "
      },
      "type": "Feature"
    },
    {
      "geometry": {
        "coordinates": [
          [
            -99.172981,
            19.397693
          ],
          [
            -99.179943,
            19.399201
          ]
        ],
        "type": "LineString"
      },
      "properties": {
        "distance_meters": 749,
        "district_idx": 9,
        "stroke": "#bfef45",
        "stroke-opacity": 0.5,
        "stroke-width": 1.5
      },
      "type": "Feature"
    },
    {
      "geometry": {
        "coordinates": [
          -99.177524,
          19.399688
        ],
        "type": "Point"
      },
      "properties": {
        "bike_pickups_r_minus": 0,
        "bike_returns_r_plus": 7,
        "district_idx": 9,
        "is_hub": false,
        "marker-color": "#bfef45",
        "marker-size": "medium",
        "marker-symbol": "bicycle",
        "net_flow": -7,
        "priority_tier": 3,
        "station_id": 285,
        "title": "Station #285 "
      },
      "type": "Feature"
    },
    {
      "geometry": {
        "coordinates": [
          [
            -99.177524,
            19.399688
          ],
          [
            -99.179943,
            19.399201
          ]
        ],
        "type": "LineString"
      },
      "properties": {
        "distance_meters": 259,
        "district_idx": 9,
        "stroke": "#bfef45",
        "stroke-opacity": 0.5,
        "stroke-width": 1.5
      },
      "type": "Feature"
    },
    {
      "geometry": {
        "coordinates": [
          -99.179943,
          19.399201
        ],
        "type": "Point"
      },
      "properties": {
        "bike_pickups_r_minus": 0,
        "bike_returns_r_plus": 9,
        "district_idx": 9,
        "is_hub": true,
        "marker-color": "#bfef45",
        "marker-size": "large",
        "marker-symbol": "star",
        "net_flow": -9,
        "priority_tier": 4,
        "station_id": 286,
        "title": "Station #286 ★ (HUB)"
      },
      "type": "Feature"
    },
    {
      "geometry": {
        "coordinates": [
          -99.183254,
          19.398946
        ],
        "type": "Point"
      },
      "properties": {
        "bike_pickups_r_minus": 0,
        "bike_returns_r_plus": 8,
        "district_idx": 9,
        "is_hub": false,
        "marker-color": "#bfef45",
        "marker-size": "medium",
        "marker-symbol": "bicycle",
        "net_flow": -8,
        "priority_tier": 4,
        "station_id": 287,
        "title": "Station #287 "
      },
      "type": "Feature"
    },
    {
      "geometry": {
        "coordinates": [
          [
            -99.183254,
            19.398946
          ],
          [
            -99.179943,
            19.399201
          ]
        ],
        "type": "LineString"
      },
      "properties": {
        "distance_meters": 349,
        "district_idx": 9,
        "stroke": "#bfef45",
        "stroke-opacity": 0.5,
        "stroke-width": 1.5
      },
      "type": "Feature"
    },
    {
      "geometry": {
        "coordinates": [
          -99.183575,
          19.396333
        ],
        "type": "Point"
      },
      "properties": {
        "bike_pickups_r_minus": 0,
        "bike_returns_r_plus": 6,
        "district_idx": 9,
        "is_hub": false,
        "marker-color": "#bfef45",
        "marker-size": "medium",
        "marker-symbol": "bicycle",
        "net_flow": -6,
        "priority_tier": 3,
        "station_id": 288,
        "title": "Station #288 "
      },
      "type": "Feature"
    },
    {
      "geometry": {
        "coordinates": [
          [
            -99.183575,
            19.396333
          ],
          [
            -99.179943,
            19.399201
          ]
        ],
        "type": "LineString"
      },
      "properties": {
        "distance_meters": 497,
        "district_idx": 9,
        "stroke": "#bfef45",
        "stroke-opacity": 0.5,
        "stroke-width": 1.5
      },
      "type": "Feature"
    },
    {
      "geometry": {
        "coordinates": [
          -99.174548,
          19.397308
        ],
        "type": "Point"
      },
      "properties": {
        "bike_pickups_r_minus": 0,
        "bike_returns_r_plus": 3,
        "district_idx": 9,
        "is_hub": false,
        "marker-color": "#bfef45",
        "marker-size": "medium",
        "marker-symbol": "bicycle",
        "net_flow": -3,
        "priority_tier": 3,
        "station_id": 289,
        "title": "Station #289 "
      },
      "type": "Feature"
    },
    {
      "geometry": {
        "coordinates": [
          [
            -99.174548,
            19.397308
          ],
          [
            -99.179943,
            19.399201
          ]
        ],
        "type": "LineString"
      },
      "properties": {
        "distance_meters": 604,
        "district_idx": 9,
        "stroke": "#bfef45",
        "stroke-opacity": 0.5,
        "stroke-width": 1.5
      },
      "type": "Feature"
    },
    {
      "geometry": {
        "coordinates": [
          -99.172667,
          19.396333
        ],
        "type": "Point"
      },
      "properties": {
        "bike_pickups_r_minus": 13,
        "bike_returns_r_plus": 0,
        "district_idx": 9,
        "is_hub": false,
        "marker-color": "#bfef45",
        "marker-size": "medium",
        "marker-symbol": "bicycle",
        "net_flow": 13,
        "priority_tier": 3,
        "station_id": 290,
        "title": "Station #290 "
      },
      "type": "Feature"
    },
    {
      "geometry": {
        "coordinates": [
          [
            -99.172667,
            19.396333
          ],
          [
            -99.179943,
            19.399201
          ]
        ],
        "type": "LineString"
      },
      "properties": {
        "distance_meters": 827,
        "district_idx": 9,
        "stroke": "#bfef45",
        "stroke-opacity": 0.5,
        "stroke-width": 1.5
      },
      "type": "Feature"
    },
    {
      "geometry": {
        "coordinates": [
          -99.171133,
          19.393807
        ],
        "type": "Point"
      },
      "properties": {
        "bike_pickups_r_minus": 6,
        "bike_returns_r_plus": 0,
        "district_idx": 9,
        "is_hub": false,
        "marker-color": "#bfef45",
        "marker-size": "medium",
        "marker-symbol": "bicycle",
        "net_flow": 6,
        "priority_tier": 3,
        "station_id": 301,
        "title": "Station #301 "
      },
      "type": "Feature"
    },
    {
      "geometry": {
        "coordinates": [
          [
            -99.171133,
            19.393807
          ],
          [
            -99.179943,
            19.399201
          ]
        ],
        "type": "LineString"
      },
      "properties": {
        "distance_meters": 1102,
        "district_idx": 9,
        "stroke": "#bfef45",
        "stroke-opacity": 0.5,
        "stroke-width": 1.5
      },
      "type": "Feature"
    },
    {
      "geometry": {
        "coordinates": [
          -99.171466,
          19.393832
        ],
        "type": "Point"
      },
      "properties": {
        "bike_pickups_r_minus": 14,
        "bike_returns_r_plus": 0,
        "district_idx": 9,
        "is_hub": false,
        "marker-color": "#bfef45",
        "marker-size": "medium",
        "marker-symbol": "bicycle",
        "net_flow": 14,
        "priority_tier": 3,
        "station_id": 302,
        "title": "Station #302 "
      },
      "type": "Feature"
    },
    {
      "geometry": {
        "coordinates": [
          [
            -99.171466,
            19.393832
          ],
          [
            -99.179943,
            19.399201
          ]
        ],
        "type": "LineString"
      },
      "properties": {
        "distance_meters": 1071,
        "district_idx": 9,
        "stroke": "#bfef45",
        "stroke-opacity": 0.5,
        "stroke-width": 1.5
      },
      "type": "Feature"
    },
    {
      "geometry": {
        "coordinates": [
          -99.173025,
          19.394842
        ],
        "type": "Point"
      },
      "properties": {
        "bike_pickups_r_minus": 12,
        "bike_returns_r_plus": 0,
        "district_idx": 9,
        "is_hub": false,
        "marker-color": "#bfef45",
        "marker-size": "medium",
        "marker-symbol": "bicycle",
        "net_flow": 12,
        "priority_tier": 3,
        "station_id": 303,
        "title": "Station #303 "
      },
      "type": "Feature"
    },
    {
      "geometry": {
        "coordinates": [
          [
            -99.173025,
            19.394842
          ],
          [
            -99.179943,
            19.399201
          ]
        ],
        "type": "LineString"
      },
      "properties": {
        "distance_meters": 873,
        "district_idx": 9,
        "stroke": "#bfef45",
        "stroke-opacity": 0.5,
        "stroke-width": 1.5
      },
      "type": "Feature"
    },
    {
      "geometry": {
        "coordinates": [
          -99.173821,
          19.395043
        ],
        "type": "Point"
      },
      "properties": {
        "bike_pickups_r_minus": 12,
        "bike_returns_r_plus": 0,
        "district_idx": 9,
        "is_hub": false,
        "marker-color": "#bfef45",
        "marker-size": "medium",
        "marker-symbol": "bicycle",
        "net_flow": 12,
        "priority_tier": 3,
        "station_id": 304,
        "title": "Station #304 "
      },
      "type": "Feature"
    },
    {
      "geometry": {
        "coordinates": [
          [
            -99.173821,
            19.395043
          ],
          [
            -99.179943,
            19.399201
          ]
        ],
        "type": "LineString"
      },
      "properties": {
        "distance_meters": 791,
        "district_idx": 9,
        "stroke": "#bfef45",
        "stroke-opacity": 0.5,
        "stroke-width": 1.5
      },
      "type": "Feature"
    },
    {
      "geometry": {
        "coordinates": [
          -99.175531,
          19.394693
        ],
        "type": "Point"
      },
      "properties": {
        "bike_pickups_r_minus": 14,
        "bike_returns_r_plus": 0,
        "district_idx": 9,
        "is_hub": false,
        "marker-color": "#bfef45",
        "marker-size": "medium",
        "marker-symbol": "bicycle",
        "net_flow": 14,
        "priority_tier": 2,
        "station_id": 305,
        "title": "Station #305 "
      },
      "type": "Feature"
    },
    {
      "geometry": {
        "coordinates": [
          [
            -99.175531,
            19.394693
          ],
          [
            -99.179943,
            19.399201
          ]
        ],
        "type": "LineString"
      },
      "properties": {
        "distance_meters": 682,
        "district_idx": 9,
        "stroke": "#bfef45",
        "stroke-opacity": 0.5,
        "stroke-width": 1.5
      },
      "type": "Feature"
    },
    {
      "geometry": {
        "coordinates": [
          -99.175664,
          19.393699
        ],
        "type": "Point"
      },
      "properties": {
        "bike_pickups_r_minus": 12,
        "bike_returns_r_plus": 0,
        "district_idx": 9,
        "is_hub": false,
        "marker-color": "#bfef45",
        "marker-size": "medium",
        "marker-symbol": "bicycle",
        "net_flow": 12,
        "priority_tier": 3,
        "station_id": 306,
        "title": "Station #306 "
      },
      "type": "Feature"
    },
    {
      "geometry": {
        "coordinates": [
          [
            -99.175664,
            19.393699
          ],
          [
            -99.179943,
            19.399201
          ]
        ],
        "type": "LineString"
      },
      "properties": {
        "distance_meters": 759,
        "district_idx": 9,
        "stroke": "#bfef45",
        "stroke-opacity": 0.5,
        "stroke-width": 1.5
      },
      "type": "Feature"
    },
    {
      "geometry": {
        "coordinates": [
          -99.175834,
          19.393701
        ],
        "type": "Point"
      },
      "properties": {
        "bike_pickups_r_minus": 6,
        "bike_returns_r_plus": 0,
        "district_idx": 9,
        "is_hub": false,
        "marker-color": "#bfef45",
        "marker-size": "medium",
        "marker-symbol": "bicycle",
        "net_flow": 6,
        "priority_tier": 4,
        "station_id": 307,
        "title": "Station #307 "
      },
      "type": "Feature"
    },
    {
      "geometry": {
        "coordinates": [
          [
            -99.175834,
            19.393701
          ],
          [
            -99.179943,
            19.399201
          ]
        ],
        "type": "LineString"
      },
      "properties": {
        "distance_meters": 748,
        "district_idx": 9,
        "stroke": "#bfef45",
        "stroke-opacity": 0.5,
        "stroke-width": 1.5
      },
      "type": "Feature"
    },
    {
      "geometry": {
        "coordinates": [
          -99.178072,
          19.393594
        ],
        "type": "Point"
      },
      "properties": {
        "bike_pickups_r_minus": 0,
        "bike_returns_r_plus": 6,
        "district_idx": 9,
        "is_hub": false,
        "marker-color": "#bfef45",
        "marker-size": "medium",
        "marker-symbol": "bicycle",
        "net_flow": -6,
        "priority_tier": 3,
        "station_id": 308,
        "title": "Station #308 "
      },
      "type": "Feature"
    },
    {
      "geometry": {
        "coordinates": [
          [
            -99.178072,
            19.393594
          ],
          [
            -99.179943,
            19.399201
          ]
        ],
        "type": "LineString"
      },
      "properties": {
        "distance_meters": 654,
        "district_idx": 9,
        "stroke": "#bfef45",
        "stroke-opacity": 0.5,
        "stroke-width": 1.5
      },
      "type": "Feature"
    },
    {
      "geometry": {
        "coordinates": [
          -99.17956,
          19.393162
        ],
        "type": "Point"
      },
      "properties": {
        "bike_pickups_r_minus": 0,
        "bike_returns_r_plus": 6,
        "district_idx": 9,
        "is_hub": false,
        "marker-color": "#bfef45",
        "marker-size": "medium",
        "marker-symbol": "bicycle",
        "net_flow": -6,
        "priority_tier": 3,
        "station_id": 309,
        "title": "Station #309 "
      },
      "type": "Feature"
    },
    {
      "geometry": {
        "coordinates": [
          [
            -99.17956,
            19.393162
          ],
          [
            -99.179943,
            19.399201
          ]
        ],
        "type": "LineString"
      },
      "properties": {
        "distance_meters": 673,
        "district_idx": 9,
        "stroke": "#bfef45",
        "stroke-opacity": 0.5,
        "stroke-width": 1.5
      },
      "type": "Feature"
    },
    {
      "geometry": {
        "coordinates": [
          -99.181733,
          19.395319
        ],
        "type": "Point"
      },
      "properties": {
        "bike_pickups_r_minus": 0,
        "bike_returns_r_plus": 2,
        "district_idx": 9,
        "is_hub": false,
        "marker-color": "#bfef45",
        "marker-size": "medium",
        "marker-symbol": "bicycle",
        "net_flow": -2,
        "priority_tier": 3,
        "station_id": 310,
        "title": "Station #310 "
      },
      "type": "Feature"
    },
    {
      "geometry": {
        "coordinates": [
          [
            -99.181733,
            19.395319
          ],
          [
            -99.179943,
            19.399201
          ]
        ],
        "type": "LineString"
      },
      "properties": {
        "distance_meters": 471,
        "district_idx": 9,
        "stroke": "#bfef45",
        "stroke-opacity": 0.5,
        "stroke-width": 1.5
      },
      "type": "Feature"
    },
    {
      "geometry": {
        "coordinates": [
          -99.185391,
          19.393665
        ],
        "type": "Point"
      },
      "properties": {
        "bike_pickups_r_minus": 0,
        "bike_returns_r_plus": 4,
        "district_idx": 9,
        "is_hub": false,
        "marker-color": "#bfef45",
        "marker-size": "medium",
        "marker-symbol": "bicycle",
        "net_flow": -4,
        "priority_tier": 4,
        "station_id": 311,
        "title": "Station #311 "
      },
      "type": "Feature"
    },
    {
      "geometry": {
        "coordinates": [
          [
            -99.185391,
            19.393665
          ],
          [
            -99.179943,
            19.399201
          ]
        ],
        "type": "LineString"
      },
      "properties": {
        "distance_meters": 840,
        "district_idx": 9,
        "stroke": "#bfef45",
        "stroke-opacity": 0.5,
        "stroke-width": 1.5
      },
      "type": "Feature"
    },
    {
      "geometry": {
        "coordinates": [
          -99.183737,
          19.392634
        ],
        "type": "Point"
      },
      "properties": {
        "bike_pickups_r_minus": 0,
        "bike_returns_r_plus": 9,
        "district_idx": 9,
        "is_hub": false,
        "marker-color": "#bfef45",
        "marker-size": "medium",
        "marker-symbol": "bicycle",
        "net_flow": -9,
        "priority_tier": 3,
        "station_id": 312,
        "title": "Station #312 "
      },
      "type": "Feature"
    },
    {
      "geometry": {
        "coordinates": [
          [
            -99.183737,
            19.392634
          ],
          [
            -99.179943,
            19.399201
          ]
        ],
        "type": "LineString"
      },
      "properties": {
        "distance_meters": 832,
        "district_idx": 9,
        "stroke": "#bfef45",
        "stroke-opacity": 0.5,
        "stroke-width": 1.5
      },
      "type": "Feature"
    },
    {
      "geometry": {
        "coordinates": [
          -99.178989,
          19.391431
        ],
        "type": "Point"
      },
      "properties": {
        "bike_pickups_r_minus": 0,
        "bike_returns_r_plus": 7,
        "district_idx": 9,
        "is_hub": false,
        "marker-color": "#bfef45",
        "marker-size": "medium",
        "marker-symbol": "bicycle",
        "net_flow": -7,
        "priority_tier": 3,
        "station_id": 313,
        "title": "Station #313 "
      },
      "type": "Feature"
    },
    {
      "geometry": {
        "coordinates": [
          [
            -99.178989,
            19.391431
          ],
          [
            -99.179943,
            19.399201
          ]
        ],
        "type": "LineString"
      },
      "properties": {
        "distance_meters": 870,
        "district_idx": 9,
        "stroke": "#bfef45",
        "stroke-opacity": 0.5,
        "stroke-width": 1.5
      },
      "type": "Feature"
    },
    {
      "geometry": {
        "coordinates": [
          -99.177331,
          19.391647
        ],
        "type": "Point"
      },
      "properties": {
        "bike_pickups_r_minus": 0,
        "bike_returns_r_plus": 3,
        "district_idx": 9,
        "is_hub": false,
        "marker-color": "#bfef45",
        "marker-size": "medium",
        "marker-symbol": "bicycle",
        "net_flow": -3,
        "priority_tier": 3,
        "station_id": 314,
        "title": "Station #314 "
      },
      "type": "Feature"
    },
    {
      "geometry": {
        "coordinates": [
          [
            -99.177331,
            19.391647
          ],
          [
            -99.179943,
            19.399201
          ]
        ],
        "type": "LineString"
      },
      "properties": {
        "distance_meters": 884,
        "district_idx": 9,
        "stroke": "#bfef45",
        "stroke-opacity": 0.5,
        "stroke-width": 1.5
      },
      "type": "Feature"
    },
    {
      "geometry": {
        "coordinates": [
          -99.1736,
          19.391472
        ],
        "type": "Point"
      },
      "properties": {
        "bike_pickups_r_minus": 9,
        "bike_returns_r_plus": 0,
        "district_idx": 9,
        "is_hub": false,
        "marker-color": "#bfef45",
        "marker-size": "medium",
        "marker-symbol": "bicycle",
        "net_flow": 9,
        "priority_tier": 3,
        "station_id": 315,
        "title": "Station #315 "
      },
      "type": "Feature"
    },
    {
      "geometry": {
        "coordinates": [
          [
            -99.1736,
            19.391472
          ],
          [
            -99.179943,
            19.399201
          ]
        ],
        "type": "LineString"
      },
      "properties": {
        "distance_meters": 1087,
        "district_idx": 9,
        "stroke": "#bfef45",
        "stroke-opacity": 0.5,
        "stroke-width": 1.5
      },
      "type": "Feature"
    },
    {
      "geometry": {
        "coordinates": [
          -99.184742,
          19.392586
        ],
        "type": "Point"
      },
      "properties": {
        "bike_pickups_r_minus": 0,
        "bike_returns_r_plus": 11,
        "district_idx": 9,
        "is_hub": false,
        "marker-color": "#bfef45",
        "marker-size": "medium",
        "marker-symbol": "bicycle",
        "net_flow": -11,
        "priority_tier": 3,
        "station_id": 328,
        "title": "Station #328 "
      },
      "type": "Feature"
    },
    {
      "geometry": {
        "coordinates": [
          [
            -99.184742,
            19.392586
          ],
          [
            -99.179943,
            19.399201
          ]
        ],
        "type": "LineString"
      },
      "properties": {
        "distance_meters": 892,
        "district_idx": 9,
        "stroke": "#bfef45",
        "stroke-opacity": 0.5,
        "stroke-width": 1.5
      },
      "type": "Feature"
    },
    {
      "geometry": {
        "coordinates": [
          -99.184812,
          19.390306
        ],
        "type": "Point"
      },
      "properties": {
        "bike_pickups_r_minus": 0,
        "bike_returns_r_plus": 10,
        "district_idx": 9,
        "is_hub": false,
        "marker-color": "#bfef45",
        "marker-size": "medium",
        "marker-symbol": "bicycle",
        "net_flow": -10,
        "priority_tier": 3,
        "station_id": 329,
        "title": "Station #329 "
      },
      "type": "Feature"
    },
    {
      "geometry": {
        "coordinates": [
          [
            -99.184812,
            19.390306
          ],
          [
            -99.179943,
            19.399201
          ]
        ],
        "type": "LineString"
      },
      "properties": {
        "distance_meters": 1113,
        "district_idx": 9,
        "stroke": "#bfef45",
        "stroke-opacity": 0.5,
        "stroke-width": 1.5
      },
      "type": "Feature"
    },
    {
      "geometry": {
        "coordinates": [
          -99.182606,
          19.389358
        ],
        "type": "Point"
      },
      "properties": {
        "bike_pickups_r_minus": 0,
        "bike_returns_r_plus": 8,
        "district_idx": 9,
        "is_hub": false,
        "marker-color": "#bfef45",
        "marker-size": "medium",
        "marker-symbol": "bicycle",
        "net_flow": -8,
        "priority_tier": 4,
        "station_id": 330,
        "title": "Station #330 "
      },
      "type": "Feature"
    },
    {
      "geometry": {
        "coordinates": [
          [
            -99.182606,
            19.389358
          ],
          [
            -99.179943,
            19.399201
          ]
        ],
        "type": "LineString"
      },
      "properties": {
        "distance_meters": 1130,
        "district_idx": 9,
        "stroke": "#bfef45",
        "stroke-opacity": 0.5,
        "stroke-width": 1.5
      },
      "type": "Feature"
    },
    {
      "geometry": {
        "coordinates": [
          -99.156431,
          19.405246
        ],
        "type": "Point"
      },
      "properties": {
        "bike_pickups_r_minus": 0,
        "bike_returns_r_plus": 15,
        "district_idx": 10,
        "is_hub": false,
        "marker-color": "#fabed4",
        "marker-size": "medium",
        "marker-symbol": "bicycle",
        "net_flow": -15,
        "priority_tier": 2,
        "station_id": 163,
        "title": "Station #163 "
      },
      "type": "Feature"
    },
    {
      "geometry": {
        "coordinates": [
          [
            -99.156431,
            19.405246
          ],
          [
            -99.160924,
            19.396513
          ]
        ],
        "type": "LineString"
      },
      "properties": {
        "distance_meters": 1080,
        "district_idx": 10,
        "stroke": "#fabed4",
        "stroke-opacity": 0.5,
        "stroke-width": 1.5
      },
      "type": "Feature"
    },
    {
      "geometry": {
        "coordinates": [
          -99.160503,
          19.404268
        ],
        "type": "Point"
      },
      "properties": {
        "bike_pickups_r_minus": 0,
        "bike_returns_r_plus": 6,
        "district_idx": 10,
        "is_hub": false,
        "marker-color": "#fabed4",
        "marker-size": "medium",
        "marker-symbol": "bicycle",
        "net_flow": -6,
        "priority_tier": 3,
        "station_id": 165,
        "title": "Station #165 "
      },
      "type": "Feature"
    },
    {
      "geometry": {
        "coordinates": [
          [
            -99.160503,
            19.404268
          ],
          [
            -99.160924,
            19.396513
          ]
        ],
        "type": "LineString"
      },
      "properties": {
        "distance_meters": 864,
        "district_idx": 10,
        "stroke": "#fabed4",
        "stroke-opacity": 0.5,
        "stroke-width": 1.5
      },
      "type": "Feature"
    },
    {
      "geometry": {
        "coordinates": [
          -99.156366,
          19.401986
        ],
        "type": "Point"
      },
      "properties": {
        "bike_pickups_r_minus": 0,
        "bike_returns_r_plus": 3,
        "district_idx": 10,
        "is_hub": false,
        "marker-color": "#fabed4",
        "marker-size": "medium",
        "marker-symbol": "bicycle",
        "net_flow": -3,
        "priority_tier": 2,
        "station_id": 276,
        "title": "Station #276 "
      },
      "type": "Feature"
    },
    {
      "geometry": {
        "coordinates": [
          [
            -99.156366,
            19.401986
          ],
          [
            -99.160924,
            19.396513
          ]
        ],
        "type": "LineString"
      },
      "properties": {
        "distance_meters": 774,
        "district_idx": 10,
        "stroke": "#fabed4",
        "stroke-opacity": 0.5,
        "stroke-width": 1.5
      },
      "type": "Feature"
    },
    {
      "geometry": {
        "coordinates": [
          -99.15909,
          19.401807
        ],
        "type": "Point"
      },
      "properties": {
        "bike_pickups_r_minus": 0,
        "bike_returns_r_plus": 10,
        "district_idx": 10,
        "is_hub": false,
        "marker-color": "#fabed4",
        "marker-size": "medium",
        "marker-symbol": "bicycle",
        "net_flow": -10,
        "priority_tier": 3,
        "station_id": 277,
        "title": "Station #277 "
      },
      "type": "Feature"
    },
    {
      "geometry": {
        "coordinates": [
          [
            -99.15909,
            19.401807
          ],
          [
            -99.160924,
            19.396513
          ]
        ],
        "type": "LineString"
      },
      "properties": {
        "distance_meters": 619,
        "district_idx": 10,
        "stroke": "#fabed4",
        "stroke-opacity": 0.5,
        "stroke-width": 1.5
      },
      "type": "Feature"
    },
    {
      "geometry": {
        "coordinates": [
          -99.163831,
          19.40071
        ],
        "type": "Point"
      },
      "properties": {
        "bike_pickups_r_minus": 0,
        "bike_returns_r_plus": 9,
        "district_idx": 10,
        "is_hub": false,
        "marker-color": "#fabed4",
        "marker-size": "medium",
        "marker-symbol": "bicycle",
        "net_flow": -9,
        "priority_tier": 3,
        "station_id": 278,
        "title": "Station #278 "
      },
      "type": "Feature"
    },
    {
      "geometry": {
        "coordinates": [
          [
            -99.163831,
            19.40071
          ],
          [
            -99.160924,
            19.396513
          ]
        ],
        "type": "LineString"
      },
      "properties": {
        "distance_meters": 558,
        "district_idx": 10,
        "stroke": "#fabed4",
        "stroke-opacity": 0.5,
        "stroke-width": 1.5
      },
      "type": "Feature"
    },
    {
      "geometry": {
        "coordinates": [
          -99.166553,
          19.399908
        ],
        "type": "Point"
      },
      "properties": {
        "bike_pickups_r_minus": 0,
        "bike_returns_r_plus": 0,
        "district_idx": 10,
        "is_hub": false,
        "marker-color": "#fabed4",
        "marker-size": "medium",
        "marker-symbol": "bicycle",
        "net_flow": 0,
        "priority_tier": 3,
        "station_id": 279,
        "title": "Station #279 "
      },
      "type": "Feature"
    },
    {
      "geometry": {
        "coordinates": [
          [
            -99.166553,
            19.399908
          ],
          [
            -99.160924,
            19.396513
          ]
        ],
        "type": "LineString"
      },
      "properties": {
        "distance_meters": 701,
        "district_idx": 10,
        "stroke": "#fabed4",
        "stroke-opacity": 0.5,
        "stroke-width": 1.5
      },
      "type": "Feature"
    },
    {
      "geometry": {
        "coordinates": [
          -99.156406,
          19.4015
        ],
        "type": "Point"
      },
      "properties": {
        "bike_pickups_r_minus": 0,
        "bike_returns_r_plus": 10,
        "district_idx": 10,
        "is_hub": false,
        "marker-color": "#fabed4",
        "marker-size": "medium",
        "marker-symbol": "bicycle",
        "net_flow": -10,
        "priority_tier": 2,
        "station_id": 280,
        "title": "Station #280 "
      },
      "type": "Feature"
    },
    {
      "geometry": {
        "coordinates": [
          [
            -99.156406,
            19.4015
          ],
          [
            -99.160924,
            19.396513
          ]
        ],
        "type": "LineString"
      },
      "properties": {
        "distance_meters": 730,
        "district_idx": 10,
        "stroke": "#fabed4",
        "stroke-opacity": 0.5,
        "stroke-width": 1.5
      },
      "type": "Feature"
    },
    {
      "geometry": {
        "coordinates": [
          -99.157308,
          19.398532
        ],
        "type": "Point"
      },
      "properties": {
        "bike_pickups_r_minus": 0,
        "bike_returns_r_plus": 7,
        "district_idx": 10,
        "is_hub": false,
        "marker-color": "#fabed4",
        "marker-size": "medium",
        "marker-symbol": "bicycle",
        "net_flow": -7,
        "priority_tier": 3,
        "station_id": 281,
        "title": "Station #281 "
      },
      "type": "Feature"
    },
    {
      "geometry": {
        "coordinates": [
          [
            -99.157308,
            19.398532
          ],
          [
            -99.160924,
            19.396513
          ]
        ],
        "type": "LineString"
      },
      "properties": {
        "distance_meters": 441,
        "district_idx": 10,
        "stroke": "#fabed4",
        "stroke-opacity": 0.5,
        "stroke-width": 1.5
      },
      "type": "Feature"
    },
    {
      "geometry": {
        "coordinates": [
          -99.161273,
          19.398692
        ],
        "type": "Point"
      },
      "properties": {
        "bike_pickups_r_minus": 0,
        "bike_returns_r_plus": 6,
        "district_idx": 10,
        "is_hub": false,
        "marker-color": "#fabed4",
        "marker-size": "medium",
        "marker-symbol": "bicycle",
        "net_flow": -6,
        "priority_tier": 3,
        "station_id": 282,
        "title": "Station #282 "
      },
      "type": "Feature"
    },
    {
      "geometry": {
        "coordinates": [
          [
            -99.161273,
            19.398692
          ],
          [
            -99.160924,
            19.396513
          ]
        ],
        "type": "LineString"
      },
      "properties": {
        "distance_meters": 245,
        "district_idx": 10,
        "stroke": "#fabed4",
        "stroke-opacity": 0.5,
        "stroke-width": 1.5
      },
      "type": "Feature"
    },
    {
      "geometry": {
        "coordinates": [
          -99.167383,
          19.39827
        ],
        "type": "Point"
      },
      "properties": {
        "bike_pickups_r_minus": 0,
        "bike_returns_r_plus": 1,
        "district_idx": 10,
        "is_hub": false,
        "marker-color": "#fabed4",
        "marker-size": "medium",
        "marker-symbol": "bicycle",
        "net_flow": -1,
        "priority_tier": 4,
        "station_id": 283,
        "title": "Station #283 "
      },
      "type": "Feature"
    },
    {
      "geometry": {
        "coordinates": [
          [
            -99.167383,
            19.39827
          ],
          [
            -99.160924,
            19.396513
          ]
        ],
        "type": "LineString"
      },
      "properties": {
        "distance_meters": 705,
        "district_idx": 10,
        "stroke": "#fabed4",
        "stroke-opacity": 0.5,
        "stroke-width": 1.5
      },
      "type": "Feature"
    },
    {
      "geometry": {
        "coordinates": [
          -99.169946,
          19.397651
        ],
        "type": "Point"
      },
      "properties": {
        "bike_pickups_r_minus": 0,
        "bike_returns_r_plus": 2,
        "district_idx": 10,
        "is_hub": false,
        "marker-color": "#fabed4",
        "marker-size": "medium",
        "marker-symbol": "bicycle",
        "net_flow": -2,
        "priority_tier": 3,
        "station_id": 291,
        "title": "Station #291 "
      },
      "type": "Feature"
    },
    {
      "geometry": {
        "coordinates": [
          [
            -99.169946,
            19.397651
          ],
          [
            -99.160924,
            19.396513
          ]
        ],
        "type": "LineString"
      },
      "properties": {
        "distance_meters": 955,
        "district_idx": 10,
        "stroke": "#fabed4",
        "stroke-opacity": 0.5,
        "stroke-width": 1.5
      },
      "type": "Feature"
    },
    {
      "geometry": {
        "coordinates": [
          -99.166264,
          19.396917
        ],
        "type": "Point"
      },
      "properties": {
        "bike_pickups_r_minus": 0,
        "bike_returns_r_plus": 0,
        "district_idx": 10,
        "is_hub": false,
        "marker-color": "#fabed4",
        "marker-size": "medium",
        "marker-symbol": "bicycle",
        "net_flow": 0,
        "priority_tier": 2,
        "station_id": 292,
        "title": "Station #292 "
      },
      "type": "Feature"
    },
    {
      "geometry": {
        "coordinates": [
          [
            -99.166264,
            19.396917
          ],
          [
            -99.160924,
            19.396513
          ]
        ],
        "type": "LineString"
      },
      "properties": {
        "distance_meters": 562,
        "district_idx": 10,
        "stroke": "#fabed4",
        "stroke-opacity": 0.5,
        "stroke-width": 1.5
      },
      "type": "Feature"
    },
    {
      "geometry": {
        "coordinates": [
          -99.164598,
          19.397373
        ],
        "type": "Point"
      },
      "properties": {
        "bike_pickups_r_minus": 0,
        "bike_returns_r_plus": 5,
        "district_idx": 10,
        "is_hub": false,
        "marker-color": "#fabed4",
        "marker-size": "medium",
        "marker-symbol": "bicycle",
        "net_flow": -5,
        "priority_tier": 3,
        "station_id": 293,
        "title": "Station #293 "
      },
      "type": "Feature"
    },
    {
      "geometry": {
        "coordinates": [
          [
            -99.164598,
            19.397373
          ],
          [
            -99.160924,
            19.396513
          ]
        ],
        "type": "LineString"
      },
      "properties": {
        "distance_meters": 397,
        "district_idx": 10,
        "stroke": "#fabed4",
        "stroke-opacity": 0.5,
        "stroke-width": 1.5
      },
      "type": "Feature"
    },
    {
      "geometry": {
        "coordinates": [
          -99.160924,
          19.396513
        ],
        "type": "Point"
      },
      "properties": {
        "bike_pickups_r_minus": 0,
        "bike_returns_r_plus": 1,
        "district_idx": 10,
        "is_hub": true,
        "marker-color": "#fabed4",
        "marker-size": "large",
        "marker-symbol": "star",
        "net_flow": -1,
        "priority_tier": 4,
        "station_id": 294,
        "title": "Station #294 ★ (HUB)"
      },
      "type": "Feature"
    },
    {
      "geometry": {
        "coordinates": [
          -99.156871,
          19.396328
        ],
        "type": "Point"
      },
      "properties": {
        "bike_pickups_r_minus": 0,
        "bike_returns_r_plus": 9,
        "district_idx": 10,
        "is_hub": false,
        "marker-color": "#fabed4",
        "marker-size": "medium",
        "marker-symbol": "bicycle",
        "net_flow": -9,
        "priority_tier": 1,
        "station_id": 295,
        "title": "Station #295 "
      },
      "type": "Feature"
    },
    {
      "geometry": {
        "coordinates": [
          [
            -99.156871,
            19.396328
          ],
          [
            -99.160924,
            19.396513
          ]
        ],
        "type": "LineString"
      },
      "properties": {
        "distance_meters": 426,
        "district_idx": 10,
        "stroke": "#fabed4",
        "stroke-opacity": 0.5,
        "stroke-width": 1.5
      },
      "type": "Feature"
    },
    {
      "geometry": {
        "coordinates": [
          -99.158756,
          19.394283
        ],
        "type": "Point"
      },
      "properties": {
        "bike_pickups_r_minus": 0,
        "bike_returns_r_plus": 6,
        "district_idx": 10,
        "is_hub": false,
        "marker-color": "#fabed4",
        "marker-size": "medium",
        "marker-symbol": "bicycle",
        "net_flow": -6,
        "priority_tier": 3,
        "station_id": 296,
        "title": "Station #296 "
      },
      "type": "Feature"
    },
    {
      "geometry": {
        "coordinates": [
          [
            -99.158756,
            19.394283
          ],
          [
            -99.160924,
            19.396513
          ]
        ],
        "type": "LineString"
      },
      "properties": {
        "distance_meters": 337,
        "district_idx": 10,
        "stroke": "#fabed4",
        "stroke-opacity": 0.5,
        "stroke-width": 1.5
      },
      "type": "Feature"
    },
    {
      "geometry": {
        "coordinates": [
          -99.158907,
          19.394412
        ],
        "type": "Point"
      },
      "properties": {
        "bike_pickups_r_minus": 0,
        "bike_returns_r_plus": 10,
        "district_idx": 10,
        "is_hub": false,
        "marker-color": "#fabed4",
        "marker-size": "medium",
        "marker-symbol": "bicycle",
        "net_flow": -10,
        "priority_tier": 4,
        "station_id": 297,
        "title": "Station #297 "
      },
      "type": "Feature"
    },
    {
      "geometry": {
        "coordinates": [
          [
            -99.158907,
            19.394412
          ],
          [
            -99.160924,
            19.396513
          ]
        ],
        "type": "LineString"
      },
      "properties": {
        "distance_meters": 315,
        "district_idx": 10,
        "stroke": "#fabed4",
        "stroke-opacity": 0.5,
        "stroke-width": 1.5
      },
      "type": "Feature"
    },
    {
      "geometry": {
        "coordinates": [
          -99.16214,
          19.394073
        ],
        "type": "Point"
      },
      "properties": {
        "bike_pickups_r_minus": 0,
        "bike_returns_r_plus": 8,
        "district_idx": 10,
        "is_hub": false,
        "marker-color": "#fabed4",
        "marker-size": "medium",
        "marker-symbol": "bicycle",
        "net_flow": -8,
        "priority_tier": 3,
        "station_id": 298,
        "title": "Station #298 "
      },
      "type": "Feature"
    },
    {
      "geometry": {
        "coordinates": [
          [
            -99.16214,
            19.394073
          ],
          [
            -99.160924,
            19.396513
          ]
        ],
        "type": "LineString"
      },
      "properties": {
        "distance_meters": 300,
        "district_idx": 10,
        "stroke": "#fabed4",
        "stroke-opacity": 0.5,
        "stroke-width": 1.5
      },
      "type": "Feature"
    },
    {
      "geometry": {
        "coordinates": [
          -99.165054,
          19.394601
        ],
        "type": "Point"
      },
      "properties": {
        "bike_pickups_r_minus": 0,
        "bike_returns_r_plus": 0,
        "district_idx": 10,
        "is_hub": false,
        "marker-color": "#fabed4",
        "marker-size": "medium",
        "marker-symbol": "bicycle",
        "net_flow": 0,
        "priority_tier": 3,
        "station_id": 299,
        "title": "Station #299 "
      },
      "type": "Feature"
    },
    {
      "geometry": {
        "coordinates": [
          [
            -99.165054,
            19.394601
          ],
          [
            -99.160924,
            19.396513
          ]
        ],
        "type": "LineString"
      },
      "properties": {
        "distance_meters": 483,
        "district_idx": 10,
        "stroke": "#fabed4",
        "stroke-opacity": 0.5,
        "stroke-width": 1.5
      },
      "type": "Feature"
    },
    {
      "geometry": {
        "coordinates": [
          -99.168333,
          19.393268
        ],
        "type": "Point"
      },
      "properties": {
        "bike_pickups_r_minus": 0,
        "bike_returns_r_plus": 2,
        "district_idx": 10,
        "is_hub": false,
        "marker-color": "#fabed4",
        "marker-size": "medium",
        "marker-symbol": "bicycle",
        "net_flow": -2,
        "priority_tier": 3,
        "station_id": 300,
        "title": "Station #300 "
      },
      "type": "Feature"
    },
    {
      "geometry": {
        "coordinates": [
          [
            -99.168333,
            19.393268
          ],
          [
            -99.160924,
            19.396513
          ]
        ],
        "type": "LineString"
      },
      "properties": {
        "distance_meters": 857,
        "district_idx": 10,
        "stroke": "#fabed4",
        "stroke-opacity": 0.5,
        "stroke-width": 1.5
      },
      "type": "Feature"
    },
    {
      "geometry": {
        "coordinates": [
          -99.1712,
          19.391056
        ],
        "type": "Point"
      },
      "properties": {
        "bike_pickups_r_minus": 6,
        "bike_returns_r_plus": 0,
        "district_idx": 10,
        "is_hub": false,
        "marker-color": "#fabed4",
        "marker-size": "medium",
        "marker-symbol": "bicycle",
        "net_flow": 6,
        "priority_tier": 4,
        "station_id": 316,
        "title": "Station #316 "
      },
      "type": "Feature"
    },
    {
      "geometry": {
        "coordinates": [
          [
            -99.1712,
            19.391056
          ],
          [
            -99.160924,
            19.396513
          ]
        ],
        "type": "LineString"
      },
      "properties": {
        "distance_meters": 1237,
        "district_idx": 10,
        "stroke": "#fabed4",
        "stroke-opacity": 0.5,
        "stroke-width": 1.5
      },
      "type": "Feature"
    },
    {
      "geometry": {
        "coordinates": [
          -99.166157,
          19.391456
        ],
        "type": "Point"
      },
      "properties": {
        "bike_pickups_r_minus": 0,
        "bike_returns_r_plus": 0,
        "district_idx": 10,
        "is_hub": false,
        "marker-color": "#fabed4",
        "marker-size": "medium",
        "marker-symbol": "bicycle",
        "net_flow": 0,
        "priority_tier": 2,
        "station_id": 317,
        "title": "Station #317 "
      },
      "type": "Feature"
    },
    {
      "geometry": {
        "coordinates": [
          [
            -99.166157,
            19.391456
          ],
          [
            -99.160924,
            19.396513
          ]
        ],
        "type": "LineString"
      },
      "properties": {
        "distance_meters": 786,
        "district_idx": 10,
        "stroke": "#fabed4",
        "stroke-opacity": 0.5,
        "stroke-width": 1.5
      },
      "type": "Feature"
    },
    {
      "geometry": {
        "coordinates": [
          -99.164127,
          19.392249
        ],
        "type": "Point"
      },
      "properties": {
        "bike_pickups_r_minus": 0,
        "bike_returns_r_plus": 3,
        "district_idx": 10,
        "is_hub": false,
        "marker-color": "#fabed4",
        "marker-size": "medium",
        "marker-symbol": "bicycle",
        "net_flow": -3,
        "priority_tier": 4,
        "station_id": 318,
        "title": "Station #318 "
      },
      "type": "Feature"
    },
    {
      "geometry": {
        "coordinates": [
          [
            -99.164127,
            19.392249
          ],
          [
            -99.160924,
            19.396513
          ]
        ],
        "type": "LineString"
      },
      "properties": {
        "distance_meters": 581,
        "district_idx": 10,
        "stroke": "#fabed4",
        "stroke-opacity": 0.5,
        "stroke-width": 1.5
      },
      "type": "Feature"
    },
    {
      "geometry": {
        "coordinates": [
          -99.162684,
          19.391991
        ],
        "type": "Point"
      },
      "properties": {
        "bike_pickups_r_minus": 0,
        "bike_returns_r_plus": 9,
        "district_idx": 10,
        "is_hub": false,
        "marker-color": "#fabed4",
        "marker-size": "medium",
        "marker-symbol": "bicycle",
        "net_flow": -9,
        "priority_tier": 4,
        "station_id": 319,
        "title": "Station #319 "
      },
      "type": "Feature"
    },
    {
      "geometry": {
        "coordinates": [
          [
            -99.162684,
            19.391991
          ],
          [
            -99.160924,
            19.396513
          ]
        ],
        "type": "LineString"
      },
      "properties": {
        "distance_meters": 536,
        "district_idx": 10,
        "stroke": "#fabed4",
        "stroke-opacity": 0.5,
        "stroke-width": 1.5
      },
      "type": "Feature"
    },
    {
      "geometry": {
        "coordinates": [
          -99.15936,
          19.391323
        ],
        "type": "Point"
      },
      "properties": {
        "bike_pickups_r_minus": 0,
        "bike_returns_r_plus": 7,
        "district_idx": 10,
        "is_hub": false,
        "marker-color": "#fabed4",
        "marker-size": "medium",
        "marker-symbol": "bicycle",
        "net_flow": -7,
        "priority_tier": 3,
        "station_id": 320,
        "title": "Station #320 "
      },
      "type": "Feature"
    },
    {
      "geometry": {
        "coordinates": [
          [
            -99.15936,
            19.391323
          ],
          [
            -99.160924,
            19.396513
          ]
        ],
        "type": "LineString"
      },
      "properties": {
        "distance_meters": 600,
        "district_idx": 10,
        "stroke": "#fabed4",
        "stroke-opacity": 0.5,
        "stroke-width": 1.5
      },
      "type": "Feature"
    },
    {
      "geometry": {
        "coordinates": [
          -99.157513,
          19.389477
        ],
        "type": "Point"
      },
      "properties": {
        "bike_pickups_r_minus": 0,
        "bike_returns_r_plus": 0,
        "district_idx": 10,
        "is_hub": false,
        "marker-color": "#fabed4",
        "marker-size": "medium",
        "marker-symbol": "bicycle",
        "net_flow": 0,
        "priority_tier": 2,
        "station_id": 321,
        "title": "Station #321 "
      },
      "type": "Feature"
    },
    {
      "geometry": {
        "coordinates": [
          [
            -99.157513,
            19.389477
          ],
          [
            -99.160924,
            19.396513
          ]
        ],
        "type": "LineString"
      },
      "properties": {
        "distance_meters": 861,
        "district_idx": 10,
        "stroke": "#fabed4",
        "stroke-opacity": 0.5,
        "stroke-width": 1.5
      },
      "type": "Feature"
    },
    {
      "geometry": {
        "coordinates": [
          -99.160616,
          19.388528
        ],
        "type": "Point"
      },
      "properties": {
        "bike_pickups_r_minus": 0,
        "bike_returns_r_plus": 3,
        "district_idx": 10,
        "is_hub": false,
        "marker-color": "#fabed4",
        "marker-size": "medium",
        "marker-symbol": "bicycle",
        "net_flow": -3,
        "priority_tier": 4,
        "station_id": 322,
        "title": "Station #322 "
      },
      "type": "Feature"
    },
    {
      "geometry": {
        "coordinates": [
          [
            -99.160616,
            19.388528
          ],
          [
            -99.160924,
            19.396513
          ]
        ],
        "type": "LineString"
      },
      "properties": {
        "distance_meters": 889,
        "district_idx": 10,
        "stroke": "#fabed4",
        "stroke-opacity": 0.5,
        "stroke-width": 1.5
      },
      "type": "Feature"
    },
    {
      "geometry": {
        "coordinates": [
          -99.163403,
          19.389026
        ],
        "type": "Point"
      },
      "properties": {
        "bike_pickups_r_minus": 0,
        "bike_returns_r_plus": 2,
        "district_idx": 10,
        "is_hub": false,
        "marker-color": "#fabed4",
        "marker-size": "medium",
        "marker-symbol": "bicycle",
        "net_flow": -2,
        "priority_tier": 4,
        "station_id": 323,
        "title": "Station #323 "
      },
      "type": "Feature"
    },
    {
      "geometry": {
        "coordinates": [
          [
            -99.163403,
            19.389026
          ],
          [
            -99.160924,
            19.396513
          ]
        ],
        "type": "LineString"
      },
      "properties": {
        "distance_meters": 872,
        "district_idx": 10,
        "stroke": "#fabed4",
        "stroke-opacity": 0.5,
        "stroke-width": 1.5
      },
      "type": "Feature"
    },
    {
      "geometry": {
        "coordinates": [
          -99.1656554,
          19.3872468
        ],
        "type": "Point"
      },
      "properties": {
        "bike_pickups_r_minus": 0,
        "bike_returns_r_plus": 5,
        "district_idx": 10,
        "is_hub": false,
        "marker-color": "#fabed4",
        "marker-size": "medium",
        "marker-symbol": "bicycle",
        "net_flow": -5,
        "priority_tier": 3,
        "station_id": 324,
        "title": "Station #324 "
      },
      "type": "Feature"
    },
    {
      "geometry": {
        "coordinates": [
          [
            -99.1656554,
            19.3872468
          ],
          [
            -99.160924,
            19.396513
          ]
        ],
        "type": "LineString"
      },
      "properties": {
        "distance_meters": 1144,
        "district_idx": 10,
        "stroke": "#fabed4",
        "stroke-opacity": 0.5,
        "stroke-width": 1.5
      },
      "type": "Feature"
    },
    {
      "geometry": {
        "coordinates": [
          -99.160548,
          19.386032
        ],
        "type": "Point"
      },
      "properties": {
        "bike_pickups_r_minus": 0,
        "bike_returns_r_plus": 5,
        "district_idx": 10,
        "is_hub": false,
        "marker-color": "#fabed4",
        "marker-size": "medium",
        "marker-symbol": "bicycle",
        "net_flow": -5,
        "priority_tier": 4,
        "station_id": 339,
        "title": "Station #339 "
      },
      "type": "Feature"
    },
    {
      "geometry": {
        "coordinates": [
          [
            -99.160548,
            19.386032
          ],
          [
            -99.160924,
            19.396513
          ]
        ],
        "type": "LineString"
      },
      "properties": {
        "distance_meters": 1166,
        "district_idx": 10,
        "stroke": "#fabed4",
        "stroke-opacity": 0.5,
        "stroke-width": 1.5
      },
      "type": "Feature"
    },
    {
      "geometry": {
        "coordinates": [
          -99.158188,
          19.385571
        ],
        "type": "Point"
      },
      "properties": {
        "bike_pickups_r_minus": 0,
        "bike_returns_r_plus": 9,
        "district_idx": 10,
        "is_hub": false,
        "marker-color": "#fabed4",
        "marker-size": "medium",
        "marker-symbol": "bicycle",
        "net_flow": -9,
        "priority_tier": 2,
        "station_id": 340,
        "title": "Station #340 "
      },
      "type": "Feature"
    },
    {
      "geometry": {
        "coordinates": [
          [
            -99.158188,
            19.385571
          ],
          [
            -99.160924,
            19.396513
          ]
        ],
        "type": "LineString"
      },
      "properties": {
        "distance_meters": 1250,
        "district_idx": 10,
        "stroke": "#fabed4",
        "stroke-opacity": 0.5,
        "stroke-width": 1.5
      },
      "type": "Feature"
    },
    {
      "geometry": {
        "coordinates": [
          -99.163273,
          19.384249
        ],
        "type": "Point"
      },
      "properties": {
        "bike_pickups_r_minus": 0,
        "bike_returns_r_plus": 2,
        "district_idx": 11,
        "is_hub": false,
        "marker-color": "#469990",
        "marker-size": "medium",
        "marker-symbol": "bicycle",
        "net_flow": -2,
        "priority_tier": 3,
        "station_id": 338,
        "title": "Station #338 "
      },
      "type": "Feature"
    },
    {
      "geometry": {
        "coordinates": [
          [
            -99.163273,
            19.384249
          ],
          [
            -99.16158,
            19.372147
          ]
        ],
        "type": "LineString"
      },
      "properties": {
        "distance_meters": 1358,
        "district_idx": 11,
        "stroke": "#469990",
        "stroke-opacity": 0.5,
        "stroke-width": 1.5
      },
      "type": "Feature"
    },
    {
      "geometry": {
        "coordinates": [
          -99.158204,
          19.382851
        ],
        "type": "Point"
      },
      "properties": {
        "bike_pickups_r_minus": 0,
        "bike_returns_r_plus": 6,
        "district_idx": 11,
        "is_hub": false,
        "marker-color": "#469990",
        "marker-size": "medium",
        "marker-symbol": "bicycle",
        "net_flow": -6,
        "priority_tier": 3,
        "station_id": 341,
        "title": "Station #341 "
      },
      "type": "Feature"
    },
    {
      "geometry": {
        "coordinates": [
          [
            -99.158204,
            19.382851
          ],
          [
            -99.16158,
            19.372147
          ]
        ],
        "type": "LineString"
      },
      "properties": {
        "distance_meters": 1242,
        "district_idx": 11,
        "stroke": "#469990",
        "stroke-opacity": 0.5,
        "stroke-width": 1.5
      },
      "type": "Feature"
    },
    {
      "geometry": {
        "coordinates": [
          -99.159455,
          19.381076
        ],
        "type": "Point"
      },
      "properties": {
        "bike_pickups_r_minus": 0,
        "bike_returns_r_plus": 0,
        "district_idx": 11,
        "is_hub": false,
        "marker-color": "#469990",
        "marker-size": "medium",
        "marker-symbol": "bicycle",
        "net_flow": 0,
        "priority_tier": 3,
        "station_id": 342,
        "title": "Station #342 "
      },
      "type": "Feature"
    },
    {
      "geometry": {
        "coordinates": [
          [
            -99.159455,
            19.381076
          ],
          [
            -99.16158,
            19.372147
          ]
        ],
        "type": "LineString"
      },
      "properties": {
        "distance_meters": 1018,
        "district_idx": 11,
        "stroke": "#469990",
        "stroke-opacity": 0.5,
        "stroke-width": 1.5
      },
      "type": "Feature"
    },
    {
      "geometry": {
        "coordinates": [
          -99.160826,
          19.384099
        ],
        "type": "Point"
      },
      "properties": {
        "bike_pickups_r_minus": 0,
        "bike_returns_r_plus": 2,
        "district_idx": 11,
        "is_hub": false,
        "marker-color": "#469990",
        "marker-size": "medium",
        "marker-symbol": "bicycle",
        "net_flow": -2,
        "priority_tier": 4,
        "station_id": 343,
        "title": "Station #343 "
      },
      "type": "Feature"
    },
    {
      "geometry": {
        "coordinates": [
          [
            -99.160826,
            19.384099
          ],
          [
            -99.16158,
            19.372147
          ]
        ],
        "type": "LineString"
      },
      "properties": {
        "distance_meters": 1332,
        "district_idx": 11,
        "stroke": "#469990",
        "stroke-opacity": 0.5,
        "stroke-width": 1.5
      },
      "type": "Feature"
    },
    {
      "geometry": {
        "coordinates": [
          -99.162243,
          19.382107
        ],
        "type": "Point"
      },
      "properties": {
        "bike_pickups_r_minus": 0,
        "bike_returns_r_plus": 0,
        "district_idx": 11,
        "is_hub": false,
        "marker-color": "#469990",
        "marker-size": "medium",
        "marker-symbol": "bicycle",
        "net_flow": 0,
        "priority_tier": 4,
        "station_id": 344,
        "title": "Station #344 "
      },
      "type": "Feature"
    },
    {
      "geometry": {
        "coordinates": [
          [
            -99.162243,
            19.382107
          ],
          [
            -99.16158,
            19.372147
          ]
        ],
        "type": "LineString"
      },
      "properties": {
        "distance_meters": 1110,
        "district_idx": 11,
        "stroke": "#469990",
        "stroke-opacity": 0.5,
        "stroke-width": 1.5
      },
      "type": "Feature"
    },
    {
      "geometry": {
        "coordinates": [
          -99.164222,
          19.380168
        ],
        "type": "Point"
      },
      "properties": {
        "bike_pickups_r_minus": 0,
        "bike_returns_r_plus": 0,
        "district_idx": 11,
        "is_hub": false,
        "marker-color": "#469990",
        "marker-size": "medium",
        "marker-symbol": "bicycle",
        "net_flow": 0,
        "priority_tier": 3,
        "station_id": 358,
        "title": "Station #358 "
      },
      "type": "Feature"
    },
    {
      "geometry": {
        "coordinates": [
          [
            -99.164222,
            19.380168
          ],
          [
            -99.16158,
            19.372147
          ]
        ],
        "type": "LineString"
      },
      "properties": {
        "distance_meters": 934,
        "district_idx": 11,
        "stroke": "#469990",
        "stroke-opacity": 0.5,
        "stroke-width": 1.5
      },
      "type": "Feature"
    },
    {
      "geometry": {
        "coordinates": [
          -99.161169,
          19.379269
        ],
        "type": "Point"
      },
      "properties": {
        "bike_pickups_r_minus": 0,
        "bike_returns_r_plus": 11,
        "district_idx": 11,
        "is_hub": false,
        "marker-color": "#469990",
        "marker-size": "medium",
        "marker-symbol": "bicycle",
        "net_flow": -11,
        "priority_tier": 3,
        "station_id": 359,
        "title": "Station #359 "
      },
      "type": "Feature"
    },
    {
      "geometry": {
        "coordinates": [
          [
            -99.161169,
            19.379269
          ],
          [
            -99.16158,
            19.372147
          ]
        ],
        "type": "LineString"
      },
      "properties": {
        "distance_meters": 793,
        "district_idx": 11,
        "stroke": "#469990",
        "stroke-opacity": 0.5,
        "stroke-width": 1.5
      },
      "type": "Feature"
    },
    {
      "geometry": {
        "coordinates": [
          -99.1628259,
          19.3790279
        ],
        "type": "Point"
      },
      "properties": {
        "bike_pickups_r_minus": 0,
        "bike_returns_r_plus": 8,
        "district_idx": 11,
        "is_hub": false,
        "marker-color": "#469990",
        "marker-size": "medium",
        "marker-symbol": "bicycle",
        "net_flow": -8,
        "priority_tier": 4,
        "station_id": 360,
        "title": "Station #360 "
      },
      "type": "Feature"
    },
    {
      "geometry": {
        "coordinates": [
          [
            -99.1628259,
            19.3790279
          ],
          [
            -99.16158,
            19.372147
          ]
        ],
        "type": "LineString"
      },
      "properties": {
        "distance_meters": 776,
        "district_idx": 11,
        "stroke": "#469990",
        "stroke-opacity": 0.5,
        "stroke-width": 1.5
      },
      "type": "Feature"
    },
    {
      "geometry": {
        "coordinates": [
          -99.166663,
          19.377968
        ],
        "type": "Point"
      },
      "properties": {
        "bike_pickups_r_minus": 0,
        "bike_returns_r_plus": 1,
        "district_idx": 11,
        "is_hub": false,
        "marker-color": "#469990",
        "marker-size": "medium",
        "marker-symbol": "bicycle",
        "net_flow": -1,
        "priority_tier": 3,
        "station_id": 373,
        "title": "Station #373 "
      },
      "type": "Feature"
    },
    {
      "geometry": {
        "coordinates": [
          [
            -99.166663,
            19.377968
          ],
          [
            -99.16158,
            19.372147
          ]
        ],
        "type": "LineString"
      },
      "properties": {
        "distance_meters": 839,
        "district_idx": 11,
        "stroke": "#469990",
        "stroke-opacity": 0.5,
        "stroke-width": 1.5
      },
      "type": "Feature"
    },
    {
      "geometry": {
        "coordinates": [
          -99.161116,
          19.376964
        ],
        "type": "Point"
      },
      "properties": {
        "bike_pickups_r_minus": 0,
        "bike_returns_r_plus": 1,
        "district_idx": 11,
        "is_hub": false,
        "marker-color": "#469990",
        "marker-size": "medium",
        "marker-symbol": "bicycle",
        "net_flow": -1,
        "priority_tier": 3,
        "station_id": 374,
        "title": "Station #374 "
      },
      "type": "Feature"
    },
    {
      "geometry": {
        "coordinates": [
          [
            -99.161116,
            19.376964
          ],
          [
            -99.16158,
            19.372147
          ]
        ],
        "type": "LineString"
      },
      "properties": {
        "distance_meters": 538,
        "district_idx": 11,
        "stroke": "#469990",
        "stroke-opacity": 0.5,
        "stroke-width": 1.5
      },
      "type": "Feature"
    },
    {
      "geometry": {
        "coordinates": [
          -99.158818,
          19.376865
        ],
        "type": "Point"
      },
      "properties": {
        "bike_pickups_r_minus": 0,
        "bike_returns_r_plus": 0,
        "district_idx": 11,
        "is_hub": false,
        "marker-color": "#469990",
        "marker-size": "medium",
        "marker-symbol": "bicycle",
        "net_flow": 0,
        "priority_tier": 4,
        "station_id": 375,
        "title": "Station #375 "
      },
      "type": "Feature"
    },
    {
      "geometry": {
        "coordinates": [
          [
            -99.158818,
            19.376865
          ],
          [
            -99.16158,
            19.372147
          ]
        ],
        "type": "LineString"
      },
      "properties": {
        "distance_meters": 599,
        "district_idx": 11,
        "stroke": "#469990",
        "stroke-opacity": 0.5,
        "stroke-width": 1.5
      },
      "type": "Feature"
    },
    {
      "geometry": {
        "coordinates": [
          -99.161595,
          19.375442
        ],
        "type": "Point"
      },
      "properties": {
        "bike_pickups_r_minus": 0,
        "bike_returns_r_plus": 0,
        "district_idx": 11,
        "is_hub": false,
        "marker-color": "#469990",
        "marker-size": "medium",
        "marker-symbol": "bicycle",
        "net_flow": 0,
        "priority_tier": 4,
        "station_id": 376,
        "title": "Station #376 "
      },
      "type": "Feature"
    },
    {
      "geometry": {
        "coordinates": [
          [
            -99.161595,
            19.375442
          ],
          [
            -99.16158,
            19.372147
          ]
        ],
        "type": "LineString"
      },
      "properties": {
        "distance_meters": 366,
        "district_idx": 11,
        "stroke": "#469990",
        "stroke-opacity": 0.5,
        "stroke-width": 1.5
      },
      "type": "Feature"
    },
    {
      "geometry": {
        "coordinates": [
          -99.16375,
          19.375394
        ],
        "type": "Point"
      },
      "properties": {
        "bike_pickups_r_minus": 0,
        "bike_returns_r_plus": 0,
        "district_idx": 11,
        "is_hub": false,
        "marker-color": "#469990",
        "marker-size": "medium",
        "marker-symbol": "bicycle",
        "net_flow": 0,
        "priority_tier": 3,
        "station_id": 377,
        "title": "Station #377 "
      },
      "type": "Feature"
    },
    {
      "geometry": {
        "coordinates": [
          [
            -99.16375,
            19.375394
          ],
          [
            -99.16158,
            19.372147
          ]
        ],
        "type": "LineString"
      },
      "properties": {
        "distance_meters": 427,
        "district_idx": 11,
        "stroke": "#469990",
        "stroke-opacity": 0.5,
        "stroke-width": 1.5
      },
      "type": "Feature"
    },
    {
      "geometry": {
        "coordinates": [
          -99.168076,
          19.375823
        ],
        "type": "Point"
      },
      "properties": {
        "bike_pickups_r_minus": 0,
        "bike_returns_r_plus": 1,
        "district_idx": 11,
        "is_hub": false,
        "marker-color": "#469990",
        "marker-size": "medium",
        "marker-symbol": "bicycle",
        "net_flow": -1,
        "priority_tier": 4,
        "station_id": 378,
        "title": "Station #378 "
      },
      "type": "Feature"
    },
    {
      "geometry": {
        "coordinates": [
          [
            -99.168076,
            19.375823
          ],
          [
            -99.16158,
            19.372147
          ]
        ],
        "type": "LineString"
      },
      "properties": {
        "distance_meters": 795,
        "district_idx": 11,
        "stroke": "#469990",
        "stroke-opacity": 0.5,
        "stroke-width": 1.5
      },
      "type": "Feature"
    },
    {
      "geometry": {
        "coordinates": [
          -99.169814,
          19.373742
        ],
        "type": "Point"
      },
      "properties": {
        "bike_pickups_r_minus": 0,
        "bike_returns_r_plus": 0,
        "district_idx": 11,
        "is_hub": false,
        "marker-color": "#469990",
        "marker-size": "medium",
        "marker-symbol": "bicycle",
        "net_flow": 0,
        "priority_tier": 4,
        "station_id": 395,
        "title": "Station #395 "
      },
      "type": "Feature"
    },
    {
      "geometry": {
        "coordinates": [
          [
            -99.169814,
            19.373742
          ],
          [
            -99.16158,
            19.372147
          ]
        ],
        "type": "LineString"
      },
      "properties": {
        "distance_meters": 882,
        "district_idx": 11,
        "stroke": "#469990",
        "stroke-opacity": 0.5,
        "stroke-width": 1.5
      },
      "type": "Feature"
    },
    {
      "geometry": {
        "coordinates": [
          -99.170187,
          19.371554
        ],
        "type": "Point"
      },
      "properties": {
        "bike_pickups_r_minus": 0,
        "bike_returns_r_plus": 2,
        "district_idx": 11,
        "is_hub": false,
        "marker-color": "#469990",
        "marker-size": "medium",
        "marker-symbol": "bicycle",
        "net_flow": -2,
        "priority_tier": 3,
        "station_id": 396,
        "title": "Station #396 "
      },
      "type": "Feature"
    },
    {
      "geometry": {
        "coordinates": [
          [
            -99.170187,
            19.371554
          ],
          [
            -99.16158,
            19.372147
          ]
        ],
        "type": "LineString"
      },
      "properties": {
        "distance_meters": 906,
        "district_idx": 11,
        "stroke": "#469990",
        "stroke-opacity": 0.5,
        "stroke-width": 1.5
      },
      "type": "Feature"
    },
    {
      "geometry": {
        "coordinates": [
          -99.167247,
          19.373194
        ],
        "type": "Point"
      },
      "properties": {
        "bike_pickups_r_minus": 0,
        "bike_returns_r_plus": 0,
        "district_idx": 11,
        "is_hub": false,
        "marker-color": "#469990",
        "marker-size": "medium",
        "marker-symbol": "bicycle",
        "net_flow": 0,
        "priority_tier": 4,
        "station_id": 397,
        "title": "Station #397 "
      },
      "type": "Feature"
    },
    {
      "geometry": {
        "coordinates": [
          [
            -99.167247,
            19.373194
          ],
          [
            -99.16158,
            19.372147
          ]
        ],
        "type": "LineString"
      },
      "properties": {
        "distance_meters": 606,
        "district_idx": 11,
        "stroke": "#469990",
        "stroke-opacity": 0.5,
        "stroke-width": 1.5
      },
      "type": "Feature"
    },
    {
      "geometry": {
        "coordinates": [
          -99.16566,
          19.37103
        ],
        "type": "Point"
      },
      "properties": {
        "bike_pickups_r_minus": 0,
        "bike_returns_r_plus": 4,
        "district_idx": 11,
        "is_hub": false,
        "marker-color": "#469990",
        "marker-size": "medium",
        "marker-symbol": "bicycle",
        "net_flow": -4,
        "priority_tier": 2,
        "station_id": 398,
        "title": "Station #398 "
      },
      "type": "Feature"
    },
    {
      "geometry": {
        "coordinates": [
          [
            -99.16566,
            19.37103
          ],
          [
            -99.16158,
            19.372147
          ]
        ],
        "type": "LineString"
      },
      "properties": {
        "distance_meters": 446,
        "district_idx": 11,
        "stroke": "#469990",
        "stroke-opacity": 0.5,
        "stroke-width": 1.5
      },
      "type": "Feature"
    },
    {
      "geometry": {
        "coordinates": [
          -99.164519,
          19.372407
        ],
        "type": "Point"
      },
      "properties": {
        "bike_pickups_r_minus": 0,
        "bike_returns_r_plus": 2,
        "district_idx": 11,
        "is_hub": false,
        "marker-color": "#469990",
        "marker-size": "medium",
        "marker-symbol": "bicycle",
        "net_flow": -2,
        "priority_tier": 3,
        "station_id": 399,
        "title": "Station #399 "
      },
      "type": "Feature"
    },
    {
      "geometry": {
        "coordinates": [
          [
            -99.164519,
            19.372407
          ],
          [
            -99.16158,
            19.372147
          ]
        ],
        "type": "LineString"
      },
      "properties": {
        "distance_meters": 310,
        "district_idx": 11,
        "stroke": "#469990",
        "stroke-opacity": 0.5,
        "stroke-width": 1.5
      },
      "type": "Feature"
    },
    {
      "geometry": {
        "coordinates": [
          -99.1642743,
          19.3726458
        ],
        "type": "Point"
      },
      "properties": {
        "bike_pickups_r_minus": 0,
        "bike_returns_r_plus": 2,
        "district_idx": 11,
        "is_hub": false,
        "marker-color": "#469990",
        "marker-size": "medium",
        "marker-symbol": "bicycle",
        "net_flow": -2,
        "priority_tier": 4,
        "station_id": 400,
        "title": "Station #400 "
      },
      "type": "Feature"
    },
    {
      "geometry": {
        "coordinates": [
          [
            -99.1642743,
            19.3726458
          ],
          [
            -99.16158,
            19.372147
          ]
        ],
        "type": "LineString"
      },
      "properties": {
        "distance_meters": 288,
        "district_idx": 11,
        "stroke": "#469990",
        "stroke-opacity": 0.5,
        "stroke-width": 1.5
      },
      "type": "Feature"
    },
    {
      "geometry": {
        "coordinates": [
          -99.16158,
          19.372147
        ],
        "type": "Point"
      },
      "properties": {
        "bike_pickups_r_minus": 0,
        "bike_returns_r_plus": 0,
        "district_idx": 11,
        "is_hub": true,
        "marker-color": "#469990",
        "marker-size": "large",
        "marker-symbol": "star",
        "net_flow": 0,
        "priority_tier": 3,
        "station_id": 401,
        "title": "Station #401 ★ (HUB)"
      },
      "type": "Feature"
    },
    {
      "geometry": {
        "coordinates": [
          -99.1587223,
          19.3709452
        ],
        "type": "Point"
      },
      "properties": {
        "bike_pickups_r_minus": 0,
        "bike_returns_r_plus": 4,
        "district_idx": 11,
        "is_hub": false,
        "marker-color": "#469990",
        "marker-size": "medium",
        "marker-symbol": "bicycle",
        "net_flow": -4,
        "priority_tier": 4,
        "station_id": 402,
        "title": "Station #402 "
      },
      "type": "Feature"
    },
    {
      "geometry": {
        "coordinates": [
          [
            -99.1587223,
            19.3709452
          ],
          [
            -99.16158,
            19.372147
          ]
        ],
        "type": "LineString"
      },
      "properties": {
        "distance_meters": 328,
        "district_idx": 11,
        "stroke": "#469990",
        "stroke-opacity": 0.5,
        "stroke-width": 1.5
      },
      "type": "Feature"
    },
    {
      "geometry": {
        "coordinates": [
          -99.158639,
          19.371371
        ],
        "type": "Point"
      },
      "properties": {
        "bike_pickups_r_minus": 0,
        "bike_returns_r_plus": 5,
        "district_idx": 11,
        "is_hub": false,
        "marker-color": "#469990",
        "marker-size": "medium",
        "marker-symbol": "bicycle",
        "net_flow": -5,
        "priority_tier": 4,
        "station_id": 403,
        "title": "Station #403 "
      },
      "type": "Feature"
    },
    {
      "geometry": {
        "coordinates": [
          [
            -99.158639,
            19.371371
          ],
          [
            -99.16158,
            19.372147
          ]
        ],
        "type": "LineString"
      },
      "properties": {
        "distance_meters": 320,
        "district_idx": 11,
        "stroke": "#469990",
        "stroke-opacity": 0.5,
        "stroke-width": 1.5
      },
      "type": "Feature"
    },
    {
      "geometry": {
        "coordinates": [
          -99.157387,
          19.373813
        ],
        "type": "Point"
      },
      "properties": {
        "bike_pickups_r_minus": 0,
        "bike_returns_r_plus": 3,
        "district_idx": 11,
        "is_hub": false,
        "marker-color": "#469990",
        "marker-size": "medium",
        "marker-symbol": "bicycle",
        "net_flow": -3,
        "priority_tier": 3,
        "station_id": 404,
        "title": "Station #404 "
      },
      "type": "Feature"
    },
    {
      "geometry": {
        "coordinates": [
          [
            -99.157387,
            19.373813
          ],
          [
            -99.16158,
            19.372147
          ]
        ],
        "type": "LineString"
      },
      "properties": {
        "distance_meters": 477,
        "district_idx": 11,
        "stroke": "#469990",
        "stroke-opacity": 0.5,
        "stroke-width": 1.5
      },
      "type": "Feature"
    },
    {
      "geometry": {
        "coordinates": [
          -99.156626,
          19.370619
        ],
        "type": "Point"
      },
      "properties": {
        "bike_pickups_r_minus": 0,
        "bike_returns_r_plus": 11,
        "district_idx": 11,
        "is_hub": false,
        "marker-color": "#469990",
        "marker-size": "medium",
        "marker-symbol": "bicycle",
        "net_flow": -11,
        "priority_tier": 3,
        "station_id": 405,
        "title": "Station #405 "
      },
      "type": "Feature"
    },
    {
      "geometry": {
        "coordinates": [
          [
            -99.156626,
            19.370619
          ],
          [
            -99.16158,
            19.372147
          ]
        ],
        "type": "LineString"
      },
      "properties": {
        "distance_meters": 547,
        "district_idx": 11,
        "stroke": "#469990",
        "stroke-opacity": 0.5,
        "stroke-width": 1.5
      },
      "type": "Feature"
    },
    {
      "geometry": {
        "coordinates": [
          -99.163261,
          19.367831
        ],
        "type": "Point"
      },
      "properties": {
        "bike_pickups_r_minus": 0,
        "bike_returns_r_plus": 3,
        "district_idx": 11,
        "is_hub": false,
        "marker-color": "#469990",
        "marker-size": "medium",
        "marker-symbol": "bicycle",
        "net_flow": -3,
        "priority_tier": 4,
        "station_id": 406,
        "title": "Station #406 "
      },
      "type": "Feature"
    },
    {
      "geometry": {
        "coordinates": [
          [
            -99.163261,
            19.367831
          ],
          [
            -99.16158,
            19.372147
          ]
        ],
        "type": "LineString"
      },
      "properties": {
        "distance_meters": 511,
        "district_idx": 11,
        "stroke": "#469990",
        "stroke-opacity": 0.5,
        "stroke-width": 1.5
      },
      "type": "Feature"
    },
    {
      "geometry": {
        "coordinates": [
          -99.158694,
          19.367294
        ],
        "type": "Point"
      },
      "properties": {
        "bike_pickups_r_minus": 0,
        "bike_returns_r_plus": 1,
        "district_idx": 11,
        "is_hub": false,
        "marker-color": "#469990",
        "marker-size": "medium",
        "marker-symbol": "bicycle",
        "net_flow": -1,
        "priority_tier": 4,
        "station_id": 407,
        "title": "Station #407 "
      },
      "type": "Feature"
    },
    {
      "geometry": {
        "coordinates": [
          [
            -99.158694,
            19.367294
          ],
          [
            -99.16158,
            19.372147
          ]
        ],
        "type": "LineString"
      },
      "properties": {
        "distance_meters": 619,
        "district_idx": 11,
        "stroke": "#469990",
        "stroke-opacity": 0.5,
        "stroke-width": 1.5
      },
      "type": "Feature"
    },
    {
      "geometry": {
        "coordinates": [
          -99.156843,
          19.36677
        ],
        "type": "Point"
      },
      "properties": {
        "bike_pickups_r_minus": 0,
        "bike_returns_r_plus": 0,
        "district_idx": 11,
        "is_hub": false,
        "marker-color": "#469990",
        "marker-size": "medium",
        "marker-symbol": "bicycle",
        "net_flow": 0,
        "priority_tier": 3,
        "station_id": 408,
        "title": "Station #408 "
      },
      "type": "Feature"
    },
    {
      "geometry": {
        "coordinates": [
          [
            -99.156843,
            19.36677
          ],
          [
            -99.16158,
            19.372147
          ]
        ],
        "type": "LineString"
      },
      "properties": {
        "distance_meters": 778,
        "district_idx": 11,
        "stroke": "#469990",
        "stroke-opacity": 0.5,
        "stroke-width": 1.5
      },
      "type": "Feature"
    },
    {
      "geometry": {
        "coordinates": [
          -99.155499,
          19.365102
        ],
        "type": "Point"
      },
      "properties": {
        "bike_pickups_r_minus": 0,
        "bike_returns_r_plus": 0,
        "district_idx": 11,
        "is_hub": false,
        "marker-color": "#469990",
        "marker-size": "medium",
        "marker-symbol": "bicycle",
        "net_flow": 0,
        "priority_tier": 4,
        "station_id": 409,
        "title": "Station #409 "
      },
      "type": "Feature"
    },
    {
      "geometry": {
        "coordinates": [
          [
            -99.155499,
            19.365102
          ],
          [
            -99.16158,
            19.372147
          ]
        ],
        "type": "LineString"
      },
      "properties": {
        "distance_meters": 1011,
        "district_idx": 11,
        "stroke": "#469990",
        "stroke-opacity": 0.5,
        "stroke-width": 1.5
      },
      "type": "Feature"
    },
    {
      "geometry": {
        "coordinates": [
          -99.158063,
          19.36564
        ],
        "type": "Point"
      },
      "properties": {
        "bike_pickups_r_minus": 0,
        "bike_returns_r_plus": 0,
        "district_idx": 11,
        "is_hub": false,
        "marker-color": "#469990",
        "marker-size": "medium",
        "marker-symbol": "bicycle",
        "net_flow": 0,
        "priority_tier": 4,
        "station_id": 410,
        "title": "Station #410 "
      },
      "type": "Feature"
    },
    {
      "geometry": {
        "coordinates": [
          [
            -99.158063,
            19.36564
          ],
          [
            -99.16158,
            19.372147
          ]
        ],
        "type": "LineString"
      },
      "properties": {
        "distance_meters": 812,
        "district_idx": 11,
        "stroke": "#469990",
        "stroke-opacity": 0.5,
        "stroke-width": 1.5
      },
      "type": "Feature"
    },
    {
      "geometry": {
        "coordinates": [
          -99.163626,
          19.367864
        ],
        "type": "Point"
      },
      "properties": {
        "bike_pickups_r_minus": 0,
        "bike_returns_r_plus": 0,
        "district_idx": 11,
        "is_hub": false,
        "marker-color": "#469990",
        "marker-size": "medium",
        "marker-symbol": "bicycle",
        "net_flow": 0,
        "priority_tier": 4,
        "station_id": 411,
        "title": "Station #411 "
      },
      "type": "Feature"
    },
    {
      "geometry": {
        "coordinates": [
          [
            -99.163626,
            19.367864
          ],
          [
            -99.16158,
            19.372147
          ]
        ],
        "type": "LineString"
      },
      "properties": {
        "distance_meters": 523,
        "district_idx": 11,
        "stroke": "#469990",
        "stroke-opacity": 0.5,
        "stroke-width": 1.5
      },
      "type": "Feature"
    },
    {
      "geometry": {
        "coordinates": [
          -99.1654145,
          19.3684182
        ],
        "type": "Point"
      },
      "properties": {
        "bike_pickups_r_minus": 4,
        "bike_returns_r_plus": 0,
        "district_idx": 11,
        "is_hub": false,
        "marker-color": "#469990",
        "marker-size": "medium",
        "marker-symbol": "bicycle",
        "net_flow": 4,
        "priority_tier": 3,
        "station_id": 412,
        "title": "Station #412 "
      },
      "type": "Feature"
    },
    {
      "geometry": {
        "coordinates": [
          [
            -99.1654145,
            19.3684182
          ],
          [
            -99.16158,
            19.372147
          ]
        ],
        "type": "LineString"
      },
      "properties": {
        "distance_meters": 578,
        "district_idx": 11,
        "stroke": "#469990",
        "stroke-opacity": 0.5,
        "stroke-width": 1.5
      },
      "type": "Feature"
    },
    {
      "geometry": {
        "coordinates": [
          -99.16741,
          19.367087
        ],
        "type": "Point"
      },
      "properties": {
        "bike_pickups_r_minus": 0,
        "bike_returns_r_plus": 0,
        "district_idx": 11,
        "is_hub": false,
        "marker-color": "#469990",
        "marker-size": "medium",
        "marker-symbol": "bicycle",
        "net_flow": 0,
        "priority_tier": 2,
        "station_id": 425,
        "title": "Station #425 "
      },
      "type": "Feature"
    },
    {
      "geometry": {
        "coordinates": [
          [
            -99.16741,
            19.367087
          ],
          [
            -99.16158,
            19.372147
          ]
        ],
        "type": "LineString"
      },
      "properties": {
        "distance_meters": 831,
        "district_idx": 11,
        "stroke": "#469990",
        "stroke-opacity": 0.5,
        "stroke-width": 1.5
      },
      "type": "Feature"
    },
    {
      "geometry": {
        "coordinates": [
          -99.166017,
          19.365519
        ],
        "type": "Point"
      },
      "properties": {
        "bike_pickups_r_minus": 0,
        "bike_returns_r_plus": 0,
        "district_idx": 11,
        "is_hub": false,
        "marker-color": "#469990",
        "marker-size": "medium",
        "marker-symbol": "bicycle",
        "net_flow": 0,
        "priority_tier": 4,
        "station_id": 426,
        "title": "Station #426 "
      },
      "type": "Feature"
    },
    {
      "geometry": {
        "coordinates": [
          [
            -99.166017,
            19.365519
          ],
          [
            -99.16158,
            19.372147
          ]
        ],
        "type": "LineString"
      },
      "properties": {
        "distance_meters": 872,
        "district_idx": 11,
        "stroke": "#469990",
        "stroke-opacity": 0.5,
        "stroke-width": 1.5
      },
      "type": "Feature"
    },
    {
      "geometry": {
        "coordinates": [
          -99.162993,
          19.365023
        ],
        "type": "Point"
      },
      "properties": {
        "bike_pickups_r_minus": 0,
        "bike_returns_r_plus": 9,
        "district_idx": 11,
        "is_hub": false,
        "marker-color": "#469990",
        "marker-size": "medium",
        "marker-symbol": "bicycle",
        "net_flow": -9,
        "priority_tier": 3,
        "station_id": 427,
        "title": "Station #427 "
      },
      "type": "Feature"
    },
    {
      "geometry": {
        "coordinates": [
          [
            -99.162993,
            19.365023
          ],
          [
            -99.16158,
            19.372147
          ]
        ],
        "type": "LineString"
      },
      "properties": {
        "distance_meters": 806,
        "district_idx": 11,
        "stroke": "#469990",
        "stroke-opacity": 0.5,
        "stroke-width": 1.5
      },
      "type": "Feature"
    },
    {
      "geometry": {
        "coordinates": [
          -99.160353,
          19.363418
        ],
        "type": "Point"
      },
      "properties": {
        "bike_pickups_r_minus": 0,
        "bike_returns_r_plus": 1,
        "district_idx": 11,
        "is_hub": false,
        "marker-color": "#469990",
        "marker-size": "medium",
        "marker-symbol": "bicycle",
        "net_flow": -1,
        "priority_tier": 4,
        "station_id": 428,
        "title": "Station #428 "
      },
      "type": "Feature"
    },
    {
      "geometry": {
        "coordinates": [
          [
            -99.160353,
            19.363418
          ],
          [
            -99.16158,
            19.372147
          ]
        ],
        "type": "LineString"
      },
      "properties": {
        "distance_meters": 979,
        "district_idx": 11,
        "stroke": "#469990",
        "stroke-opacity": 0.5,
        "stroke-width": 1.5
      },
      "type": "Feature"
    },
    {
      "geometry": {
        "coordinates": [
          -99.158292,
          19.363071
        ],
        "type": "Point"
      },
      "properties": {
        "bike_pickups_r_minus": 0,
        "bike_returns_r_plus": 0,
        "district_idx": 11,
        "is_hub": false,
        "marker-color": "#469990",
        "marker-size": "medium",
        "marker-symbol": "bicycle",
        "net_flow": 0,
        "priority_tier": 4,
        "station_id": 429,
        "title": "Station #429 "
      },
      "type": "Feature"
    },
    {
      "geometry": {
        "coordinates": [
          [
            -99.158292,
            19.363071
          ],
          [
            -99.16158,
            19.372147
          ]
        ],
        "type": "LineString"
      },
      "properties": {
        "distance_meters": 1067,
        "district_idx": 11,
        "stroke": "#469990",
        "stroke-opacity": 0.5,
        "stroke-width": 1.5
      },
      "type": "Feature"
    },
    {
      "geometry": {
        "coordinates": [
          -99.154974,
          19.362139
        ],
        "type": "Point"
      },
      "properties": {
        "bike_pickups_r_minus": 1,
        "bike_returns_r_plus": 0,
        "district_idx": 11,
        "is_hub": false,
        "marker-color": "#469990",
        "marker-size": "medium",
        "marker-symbol": "bicycle",
        "net_flow": 1,
        "priority_tier": 3,
        "station_id": 430,
        "title": "Station #430 "
      },
      "type": "Feature"
    },
    {
      "geometry": {
        "coordinates": [
          [
            -99.154974,
            19.362139
          ],
          [
            -99.16158,
            19.372147
          ]
        ],
        "type": "LineString"
      },
      "properties": {
        "distance_meters": 1311,
        "district_idx": 11,
        "stroke": "#469990",
        "stroke-opacity": 0.5,
        "stroke-width": 1.5
      },
      "type": "Feature"
    },
    {
      "geometry": {
        "coordinates": [
          -99.15822,
          19.36145
        ],
        "type": "Point"
      },
      "properties": {
        "bike_pickups_r_minus": 0,
        "bike_returns_r_plus": 0,
        "district_idx": 11,
        "is_hub": false,
        "marker-color": "#469990",
        "marker-size": "medium",
        "marker-symbol": "bicycle",
        "net_flow": 0,
        "priority_tier": 3,
        "station_id": 431,
        "title": "Station #431 "
      },
      "type": "Feature"
    },
    {
      "geometry": {
        "coordinates": [
          [
            -99.15822,
            19.36145
          ],
          [
            -99.16158,
            19.372147
          ]
        ],
        "type": "LineString"
      },
      "properties": {
        "distance_meters": 1241,
        "district_idx": 11,
        "stroke": "#469990",
        "stroke-opacity": 0.5,
        "stroke-width": 1.5
      },
      "type": "Feature"
    },
    {
      "geometry": {
        "coordinates": [
          -99.162581,
          19.361296
        ],
        "type": "Point"
      },
      "properties": {
        "bike_pickups_r_minus": 0,
        "bike_returns_r_plus": 0,
        "district_idx": 11,
        "is_hub": false,
        "marker-color": "#469990",
        "marker-size": "medium",
        "marker-symbol": "bicycle",
        "net_flow": 0,
        "priority_tier": 3,
        "station_id": 432,
        "title": "Station #432 "
      },
      "type": "Feature"
    },
    {
      "geometry": {
        "coordinates": [
          [
            -99.162581,
            19.361296
          ],
          [
            -99.16158,
            19.372147
          ]
        ],
        "type": "LineString"
      },
      "properties": {
        "distance_meters": 1211,
        "district_idx": 11,
        "stroke": "#469990",
        "stroke-opacity": 0.5,
        "stroke-width": 1.5
      },
      "type": "Feature"
    },
    {
      "geometry": {
        "coordinates": [
          -99.1653,
          19.359905
        ],
        "type": "Point"
      },
      "properties": {
        "bike_pickups_r_minus": 8,
        "bike_returns_r_plus": 0,
        "district_idx": 11,
        "is_hub": false,
        "marker-color": "#469990",
        "marker-size": "medium",
        "marker-symbol": "bicycle",
        "net_flow": 8,
        "priority_tier": 3,
        "station_id": 442,
        "title": "Station #442 "
      },
      "type": "Feature"
    },
    {
      "geometry": {
        "coordinates": [
          [
            -99.1653,
            19.359905
          ],
          [
            -99.16158,
            19.372147
          ]
        ],
        "type": "LineString"
      },
      "properties": {
        "distance_meters": 1416,
        "district_idx": 11,
        "stroke": "#469990",
        "stroke-opacity": 0.5,
        "stroke-width": 1.5
      },
      "type": "Feature"
    },
    {
      "geometry": {
        "coordinates": [
          -99.162025,
          19.359655
        ],
        "type": "Point"
      },
      "properties": {
        "bike_pickups_r_minus": 1,
        "bike_returns_r_plus": 0,
        "district_idx": 11,
        "is_hub": false,
        "marker-color": "#469990",
        "marker-size": "medium",
        "marker-symbol": "bicycle",
        "net_flow": 1,
        "priority_tier": 4,
        "station_id": 443,
        "title": "Station #443 "
      },
      "type": "Feature"
    },
    {
      "geometry": {
        "coordinates": [
          [
            -99.162025,
            19.359655
          ],
          [
            -99.16158,
            19.372147
          ]
        ],
        "type": "LineString"
      },
      "properties": {
        "distance_meters": 1390,
        "district_idx": 11,
        "stroke": "#469990",
        "stroke-opacity": 0.5,
        "stroke-width": 1.5
      },
      "type": "Feature"
    },
    {
      "geometry": {
        "coordinates": [
          -99.159425,
          19.359384
        ],
        "type": "Point"
      },
      "properties": {
        "bike_pickups_r_minus": 0,
        "bike_returns_r_plus": 0,
        "district_idx": 11,
        "is_hub": false,
        "marker-color": "#469990",
        "marker-size": "medium",
        "marker-symbol": "bicycle",
        "net_flow": 0,
        "priority_tier": 3,
        "station_id": 444,
        "title": "Station #444 "
      },
      "type": "Feature"
    },
    {
      "geometry": {
        "coordinates": [
          [
            -99.159425,
            19.359384
          ],
          [
            -99.16158,
            19.372147
          ]
        ],
        "type": "LineString"
      },
      "properties": {
        "distance_meters": 1437,
        "district_idx": 11,
        "stroke": "#469990",
        "stroke-opacity": 0.5,
        "stroke-width": 1.5
      },
      "type": "Feature"
    },
    {
      "geometry": {
        "coordinates": [
          -99.156105,
          19.35827
        ],
        "type": "Point"
      },
      "properties": {
        "bike_pickups_r_minus": 0,
        "bike_returns_r_plus": 1,
        "district_idx": 11,
        "is_hub": false,
        "marker-color": "#469990",
        "marker-size": "medium",
        "marker-symbol": "bicycle",
        "net_flow": -1,
        "priority_tier": 3,
        "station_id": 445,
        "title": "Station #445 "
      },
      "type": "Feature"
    },
    {
      "geometry": {
        "coordinates": [
          [
            -99.156105,
            19.35827
          ],
          [
            -99.16158,
            19.372147
          ]
        ],
        "type": "LineString"
      },
      "properties": {
        "distance_meters": 1647,
        "district_idx": 11,
        "stroke": "#469990",
        "stroke-opacity": 0.5,
        "stroke-width": 1.5
      },
      "type": "Feature"
    },
    {
      "geometry": {
        "coordinates": [
          -99.1561282,
          19.3591196
        ],
        "type": "Point"
      },
      "properties": {
        "bike_pickups_r_minus": 0,
        "bike_returns_r_plus": 0,
        "district_idx": 11,
        "is_hub": false,
        "marker-color": "#469990",
        "marker-size": "medium",
        "marker-symbol": "bicycle",
        "net_flow": 0,
        "priority_tier": 4,
        "station_id": 446,
        "title": "Station #446 "
      },
      "type": "Feature"
    },
    {
      "geometry": {
        "coordinates": [
          [
            -99.1561282,
            19.3591196
          ],
          [
            -99.16158,
            19.372147
          ]
        ],
        "type": "LineString"
      },
      "properties": {
        "distance_meters": 1558,
        "district_idx": 11,
        "stroke": "#469990",
        "stroke-opacity": 0.5,
        "stroke-width": 1.5
      },
      "type": "Feature"
    },
    {
      "geometry": {
        "coordinates": [
          -99.181355,
          19.373038
        ],
        "type": "Point"
      },
      "properties": {
        "bike_pickups_r_minus": 0,
        "bike_returns_r_plus": 2,
        "district_idx": 12,
        "is_hub": false,
        "marker-color": "#dcbeff",
        "marker-size": "medium",
        "marker-symbol": "bicycle",
        "net_flow": -2,
        "priority_tier": 3,
        "station_id": 388,
        "title": "Station #388 "
      },
      "type": "Feature"
    },
    {
      "geometry": {
        "coordinates": [
          [
            -99.181355,
            19.373038
          ],
          [
            -99.177819,
            19.366217
          ]
        ],
        "type": "LineString"
      },
      "properties": {
        "distance_meters": 845,
        "district_idx": 12,
        "stroke": "#dcbeff",
        "stroke-opacity": 0.5,
        "stroke-width": 1.5
      },
      "type": "Feature"
    },
    {
      "geometry": {
        "coordinates": [
          -99.179356,
          19.373528
        ],
        "type": "Point"
      },
      "properties": {
        "bike_pickups_r_minus": 1,
        "bike_returns_r_plus": 0,
        "district_idx": 12,
        "is_hub": false,
        "marker-color": "#dcbeff",
        "marker-size": "medium",
        "marker-symbol": "bicycle",
        "net_flow": 1,
        "priority_tier": 3,
        "station_id": 389,
        "title": "Station #389 "
      },
      "type": "Feature"
    },
    {
      "geometry": {
        "coordinates": [
          [
            -99.179356,
            19.373528
          ],
          [
            -99.177819,
            19.366217
          ]
        ],
        "type": "LineString"
      },
      "properties": {
        "distance_meters": 829,
        "district_idx": 12,
        "stroke": "#dcbeff",
        "stroke-opacity": 0.5,
        "stroke-width": 1.5
      },
      "type": "Feature"
    },
    {
      "geometry": {
        "coordinates": [
          -99.17826,
          19.373228
        ],
        "type": "Point"
      },
      "properties": {
        "bike_pickups_r_minus": 0,
        "bike_returns_r_plus": 12,
        "district_idx": 12,
        "is_hub": false,
        "marker-color": "#dcbeff",
        "marker-size": "medium",
        "marker-symbol": "bicycle",
        "net_flow": -12,
        "priority_tier": 3,
        "station_id": 390,
        "title": "Station #390 "
      },
      "type": "Feature"
    },
    {
      "geometry": {
        "coordinates": [
          [
            -99.17826,
            19.373228
          ],
          [
            -99.177819,
            19.366217
          ]
        ],
        "type": "LineString"
      },
      "properties": {
        "distance_meters": 781,
        "district_idx": 12,
        "stroke": "#dcbeff",
        "stroke-opacity": 0.5,
        "stroke-width": 1.5
      },
      "type": "Feature"
    },
    {
      "geometry": {
        "coordinates": [
          -99.178283,
          19.373142
        ],
        "type": "Point"
      },
      "properties": {
        "bike_pickups_r_minus": 0,
        "bike_returns_r_plus": 12,
        "district_idx": 12,
        "is_hub": false,
        "marker-color": "#dcbeff",
        "marker-size": "medium",
        "marker-symbol": "bicycle",
        "net_flow": -12,
        "priority_tier": 3,
        "station_id": 391,
        "title": "Station #391 "
      },
      "type": "Feature"
    },
    {
      "geometry": {
        "coordinates": [
          [
            -99.178283,
            19.373142
          ],
          [
            -99.177819,
            19.366217
          ]
        ],
        "type": "LineString"
      },
      "properties": {
        "distance_meters": 772,
        "district_idx": 12,
        "stroke": "#dcbeff",
        "stroke-opacity": 0.5,
        "stroke-width": 1.5
      },
      "type": "Feature"
    },
    {
      "geometry": {
        "coordinates": [
          -99.1747749,
          19.3730067
        ],
        "type": "Point"
      },
      "properties": {
        "bike_pickups_r_minus": 6,
        "bike_returns_r_plus": 0,
        "district_idx": 12,
        "is_hub": false,
        "marker-color": "#dcbeff",
        "marker-size": "medium",
        "marker-symbol": "bicycle",
        "net_flow": 6,
        "priority_tier": 4,
        "station_id": 392,
        "title": "Station #392 "
      },
      "type": "Feature"
    },
    {
      "geometry": {
        "coordinates": [
          [
            -99.1747749,
            19.3730067
          ],
          [
            -99.177819,
            19.366217
          ]
        ],
        "type": "LineString"
      },
      "properties": {
        "distance_meters": 820,
        "district_idx": 12,
        "stroke": "#dcbeff",
        "stroke-opacity": 0.5,
        "stroke-width": 1.5
      },
      "type": "Feature"
    },
    {
      "geometry": {
        "coordinates": [
          -99.172558,
          19.372796
        ],
        "type": "Point"
      },
      "properties": {
        "bike_pickups_r_minus": 0,
        "bike_returns_r_plus": 0,
        "district_idx": 12,
        "is_hub": false,
        "marker-color": "#dcbeff",
        "marker-size": "medium",
        "marker-symbol": "bicycle",
        "net_flow": 0,
        "priority_tier": 3,
        "station_id": 393,
        "title": "Station #393 "
      },
      "type": "Feature"
    },
    {
      "geometry": {
        "coordinates": [
          [
            -99.172558,
            19.372796
          ],
          [
            -99.177819,
            19.366217
          ]
        ],
        "type": "LineString"
      },
      "properties": {
        "distance_meters": 917,
        "district_idx": 12,
        "stroke": "#dcbeff",
        "stroke-opacity": 0.5,
        "stroke-width": 1.5
      },
      "type": "Feature"
    },
    {
      "geometry": {
        "coordinates": [
          -99.171592,
          19.372437
        ],
        "type": "Point"
      },
      "properties": {
        "bike_pickups_r_minus": 0,
        "bike_returns_r_plus": 11,
        "district_idx": 12,
        "is_hub": false,
        "marker-color": "#dcbeff",
        "marker-size": "medium",
        "marker-symbol": "bicycle",
        "net_flow": -11,
        "priority_tier": 4,
        "station_id": 394,
        "title": "Station #394 "
      },
      "type": "Feature"
    },
    {
      "geometry": {
        "coordinates": [
          [
            -99.171592,
            19.372437
          ],
          [
            -99.177819,
            19.366217
          ]
        ],
        "type": "LineString"
      },
      "properties": {
        "distance_meters": 952,
        "district_idx": 12,
        "stroke": "#dcbeff",
        "stroke-opacity": 0.5,
        "stroke-width": 1.5
      },
      "type": "Feature"
    },
    {
      "geometry": {
        "coordinates": [
          -99.171906,
          19.369782
        ],
        "type": "Point"
      },
      "properties": {
        "bike_pickups_r_minus": 0,
        "bike_returns_r_plus": 0,
        "district_idx": 12,
        "is_hub": false,
        "marker-color": "#dcbeff",
        "marker-size": "medium",
        "marker-symbol": "bicycle",
        "net_flow": 0,
        "priority_tier": 4,
        "station_id": 413,
        "title": "Station #413 "
      },
      "type": "Feature"
    },
    {
      "geometry": {
        "coordinates": [
          [
            -99.171906,
            19.369782
          ],
          [
            -99.177819,
            19.366217
          ]
        ],
        "type": "LineString"
      },
      "properties": {
        "distance_meters": 736,
        "district_idx": 12,
        "stroke": "#dcbeff",
        "stroke-opacity": 0.5,
        "stroke-width": 1.5
      },
      "type": "Feature"
    },
    {
      "geometry": {
        "coordinates": [
          -99.173712,
          19.370187
        ],
        "type": "Point"
      },
      "properties": {
        "bike_pickups_r_minus": 0,
        "bike_returns_r_plus": 2,
        "district_idx": 12,
        "is_hub": false,
        "marker-color": "#dcbeff",
        "marker-size": "medium",
        "marker-symbol": "bicycle",
        "net_flow": -2,
        "priority_tier": 4,
        "station_id": 414,
        "title": "Station #414 "
      },
      "type": "Feature"
    },
    {
      "geometry": {
        "coordinates": [
          [
            -99.173712,
            19.370187
          ],
          [
            -99.177819,
            19.366217
          ]
        ],
        "type": "LineString"
      },
      "properties": {
        "distance_meters": 617,
        "district_idx": 12,
        "stroke": "#dcbeff",
        "stroke-opacity": 0.5,
        "stroke-width": 1.5
      },
      "type": "Feature"
    },
    {
      "geometry": {
        "coordinates": [
          -99.17602,
          19.371498
        ],
        "type": "Point"
      },
      "properties": {
        "bike_pickups_r_minus": 0,
        "bike_returns_r_plus": 0,
        "district_idx": 12,
        "is_hub": false,
        "marker-color": "#dcbeff",
        "marker-size": "medium",
        "marker-symbol": "bicycle",
        "net_flow": 0,
        "priority_tier": 4,
        "station_id": 415,
        "title": "Station #415 "
      },
      "type": "Feature"
    },
    {
      "geometry": {
        "coordinates": [
          [
            -99.17602,
            19.371498
          ],
          [
            -99.177819,
            19.366217
          ]
        ],
        "type": "LineString"
      },
      "properties": {
        "distance_meters": 617,
        "district_idx": 12,
        "stroke": "#dcbeff",
        "stroke-opacity": 0.5,
        "stroke-width": 1.5
      },
      "type": "Feature"
    },
    {
      "geometry": {
        "coordinates": [
          -99.177607,
          19.371308
        ],
        "type": "Point"
      },
      "properties": {
        "bike_pickups_r_minus": 0,
        "bike_returns_r_plus": 2,
        "district_idx": 12,
        "is_hub": false,
        "marker-color": "#dcbeff",
        "marker-size": "medium",
        "marker-symbol": "bicycle",
        "net_flow": -2,
        "priority_tier": 4,
        "station_id": 416,
        "title": "Station #416 "
      },
      "type": "Feature"
    },
    {
      "geometry": {
        "coordinates": [
          [
            -99.177607,
            19.371308
          ],
          [
            -99.177819,
            19.366217
          ]
        ],
        "type": "LineString"
      },
      "properties": {
        "distance_meters": 567,
        "district_idx": 12,
        "stroke": "#dcbeff",
        "stroke-opacity": 0.5,
        "stroke-width": 1.5
      },
      "type": "Feature"
    },
    {
      "geometry": {
        "coordinates": [
          -99.184333,
          19.373262
        ],
        "type": "Point"
      },
      "properties": {
        "bike_pickups_r_minus": 0,
        "bike_returns_r_plus": 7,
        "district_idx": 12,
        "is_hub": false,
        "marker-color": "#dcbeff",
        "marker-size": "medium",
        "marker-symbol": "bicycle",
        "net_flow": -7,
        "priority_tier": 4,
        "station_id": 417,
        "title": "Station #417 "
      },
      "type": "Feature"
    },
    {
      "geometry": {
        "coordinates": [
          [
            -99.184333,
            19.373262
          ],
          [
            -99.177819,
            19.366217
          ]
        ],
        "type": "LineString"
      },
      "properties": {
        "distance_meters": 1040,
        "district_idx": 12,
        "stroke": "#dcbeff",
        "stroke-opacity": 0.5,
        "stroke-width": 1.5
      },
      "type": "Feature"
    },
    {
      "geometry": {
        "coordinates": [
          -99.183034,
          19.371152
        ],
        "type": "Point"
      },
      "properties": {
        "bike_pickups_r_minus": 0,
        "bike_returns_r_plus": 0,
        "district_idx": 12,
        "is_hub": false,
        "marker-color": "#dcbeff",
        "marker-size": "medium",
        "marker-symbol": "bicycle",
        "net_flow": 0,
        "priority_tier": 3,
        "station_id": 418,
        "title": "Station #418 "
      },
      "type": "Feature"
    },
    {
      "geometry": {
        "coordinates": [
          [
            -99.183034,
            19.371152
          ],
          [
            -99.177819,
            19.366217
          ]
        ],
        "type": "LineString"
      },
      "properties": {
        "distance_meters": 775,
        "district_idx": 12,
        "stroke": "#dcbeff",
        "stroke-opacity": 0.5,
        "stroke-width": 1.5
      },
      "type": "Feature"
    },
    {
      "geometry": {
        "coordinates": [
          -99.181502,
          19.370606
        ],
        "type": "Point"
      },
      "properties": {
        "bike_pickups_r_minus": 0,
        "bike_returns_r_plus": 0,
        "district_idx": 12,
        "is_hub": false,
        "marker-color": "#dcbeff",
        "marker-size": "medium",
        "marker-symbol": "bicycle",
        "net_flow": 0,
        "priority_tier": 4,
        "station_id": 419,
        "title": "Station #419 "
      },
      "type": "Feature"
    },
    {
      "geometry": {
        "coordinates": [
          [
            -99.181502,
            19.370606
          ],
          [
            -99.177819,
            19.366217
          ]
        ],
        "type": "LineString"
      },
      "properties": {
        "distance_meters": 623,
        "district_idx": 12,
        "stroke": "#dcbeff",
        "stroke-opacity": 0.5,
        "stroke-width": 1.5
      },
      "type": "Feature"
    },
    {
      "geometry": {
        "coordinates": [
          -99.17964,
          19.369723
        ],
        "type": "Point"
      },
      "properties": {
        "bike_pickups_r_minus": 11,
        "bike_returns_r_plus": 0,
        "district_idx": 12,
        "is_hub": false,
        "marker-color": "#dcbeff",
        "marker-size": "medium",
        "marker-symbol": "bicycle",
        "net_flow": 11,
        "priority_tier": 3,
        "station_id": 420,
        "title": "Station #420 "
      },
      "type": "Feature"
    },
    {
      "geometry": {
        "coordinates": [
          [
            -99.17964,
            19.369723
          ],
          [
            -99.177819,
            19.366217
          ]
        ],
        "type": "LineString"
      },
      "properties": {
        "distance_meters": 434,
        "district_idx": 12,
        "stroke": "#dcbeff",
        "stroke-opacity": 0.5,
        "stroke-width": 1.5
      },
      "type": "Feature"
    },
    {
      "geometry": {
        "coordinates": [
          -99.179401,
          19.369467
        ],
        "type": "Point"
      },
      "properties": {
        "bike_pickups_r_minus": 4,
        "bike_returns_r_plus": 0,
        "district_idx": 12,
        "is_hub": false,
        "marker-color": "#dcbeff",
        "marker-size": "medium",
        "marker-symbol": "bicycle",
        "net_flow": 4,
        "priority_tier": 4,
        "station_id": 421,
        "title": "Station #421 "
      },
      "type": "Feature"
    },
    {
      "geometry": {
        "coordinates": [
          [
            -99.179401,
            19.369467
          ],
          [
            -99.177819,
            19.366217
          ]
        ],
        "type": "LineString"
      },
      "properties": {
        "distance_meters": 398,
        "district_idx": 12,
        "stroke": "#dcbeff",
        "stroke-opacity": 0.5,
        "stroke-width": 1.5
      },
      "type": "Feature"
    },
    {
      "geometry": {
        "coordinates": [
          -99.177487,
          19.368356
        ],
        "type": "Point"
      },
      "properties": {
        "bike_pickups_r_minus": 0,
        "bike_returns_r_plus": 3,
        "district_idx": 12,
        "is_hub": false,
        "marker-color": "#dcbeff",
        "marker-size": "medium",
        "marker-symbol": "bicycle",
        "net_flow": -3,
        "priority_tier": 4,
        "station_id": 422,
        "title": "Station #422 "
      },
      "type": "Feature"
    },
    {
      "geometry": {
        "coordinates": [
          [
            -99.177487,
            19.368356
          ],
          [
            -99.177819,
            19.366217
          ]
        ],
        "type": "LineString"
      },
      "properties": {
        "distance_meters": 240,
        "district_idx": 12,
        "stroke": "#dcbeff",
        "stroke-opacity": 0.5,
        "stroke-width": 1.5
      },
      "type": "Feature"
    },
    {
      "geometry": {
        "coordinates": [
          -99.175342,
          19.367631
        ],
        "type": "Point"
      },
      "properties": {
        "bike_pickups_r_minus": 0,
        "bike_returns_r_plus": 2,
        "district_idx": 12,
        "is_hub": false,
        "marker-color": "#dcbeff",
        "marker-size": "medium",
        "marker-symbol": "bicycle",
        "net_flow": -2,
        "priority_tier": 4,
        "station_id": 423,
        "title": "Station #423 "
      },
      "type": "Feature"
    },
    {
      "geometry": {
        "coordinates": [
          [
            -99.175342,
            19.367631
          ],
          [
            -99.177819,
            19.366217
          ]
        ],
        "type": "LineString"
      },
      "properties": {
        "distance_meters": 304,
        "district_idx": 12,
        "stroke": "#dcbeff",
        "stroke-opacity": 0.5,
        "stroke-width": 1.5
      },
      "type": "Feature"
    },
    {
      "geometry": {
        "coordinates": [
          -99.170531,
          19.367208
        ],
        "type": "Point"
      },
      "properties": {
        "bike_pickups_r_minus": 1,
        "bike_returns_r_plus": 0,
        "district_idx": 12,
        "is_hub": false,
        "marker-color": "#dcbeff",
        "marker-size": "medium",
        "marker-symbol": "bicycle",
        "net_flow": 1,
        "priority_tier": 4,
        "station_id": 424,
        "title": "Station #424 "
      },
      "type": "Feature"
    },
    {
      "geometry": {
        "coordinates": [
          [
            -99.170531,
            19.367208
          ],
          [
            -99.177819,
            19.366217
          ]
        ],
        "type": "LineString"
      },
      "properties": {
        "distance_meters": 773,
        "district_idx": 12,
        "stroke": "#dcbeff",
        "stroke-opacity": 0.5,
        "stroke-width": 1.5
      },
      "type": "Feature"
    },
    {
      "geometry": {
        "coordinates": [
          -99.170819,
          19.363558
        ],
        "type": "Point"
      },
      "properties": {
        "bike_pickups_r_minus": 0,
        "bike_returns_r_plus": 2,
        "district_idx": 12,
        "is_hub": false,
        "marker-color": "#dcbeff",
        "marker-size": "medium",
        "marker-symbol": "bicycle",
        "net_flow": -2,
        "priority_tier": 4,
        "station_id": 433,
        "title": "Station #433 "
      },
      "type": "Feature"
    },
    {
      "geometry": {
        "coordinates": [
          [
            -99.170819,
            19.363558
          ],
          [
            -99.177819,
            19.366217
          ]
        ],
        "type": "LineString"
      },
      "properties": {
        "distance_meters": 792,
        "district_idx": 12,
        "stroke": "#dcbeff",
        "stroke-opacity": 0.5,
        "stroke-width": 1.5
      },
      "type": "Feature"
    },
    {
      "geometry": {
        "coordinates": [
          -99.171498,
          19.363776
        ],
        "type": "Point"
      },
      "properties": {
        "bike_pickups_r_minus": 0,
        "bike_returns_r_plus": 4,
        "district_idx": 12,
        "is_hub": false,
        "marker-color": "#dcbeff",
        "marker-size": "medium",
        "marker-symbol": "bicycle",
        "net_flow": -4,
        "priority_tier": 4,
        "station_id": 434,
        "title": "Station #434 "
      },
      "type": "Feature"
    },
    {
      "geometry": {
        "coordinates": [
          [
            -99.171498,
            19.363776
          ],
          [
            -99.177819,
            19.366217
          ]
        ],
        "type": "LineString"
      },
      "properties": {
        "distance_meters": 717,
        "district_idx": 12,
        "stroke": "#dcbeff",
        "stroke-opacity": 0.5,
        "stroke-width": 1.5
      },
      "type": "Feature"
    },
    {
      "geometry": {
        "coordinates": [
          -99.172906,
          19.365154
        ],
        "type": "Point"
      },
      "properties": {
        "bike_pickups_r_minus": 3,
        "bike_returns_r_plus": 0,
        "district_idx": 12,
        "is_hub": false,
        "marker-color": "#dcbeff",
        "marker-size": "medium",
        "marker-symbol": "bicycle",
        "net_flow": 3,
        "priority_tier": 4,
        "station_id": 435,
        "title": "Station #435 "
      },
      "type": "Feature"
    },
    {
      "geometry": {
        "coordinates": [
          [
            -99.172906,
            19.365154
          ],
          [
            -99.177819,
            19.366217
          ]
        ],
        "type": "LineString"
      },
      "properties": {
        "distance_meters": 529,
        "district_idx": 12,
        "stroke": "#dcbeff",
        "stroke-opacity": 0.5,
        "stroke-width": 1.5
      },
      "type": "Feature"
    },
    {
      "geometry": {
        "coordinates": [
          -99.177819,
          19.366217
        ],
        "type": "Point"
      },
      "properties": {
        "bike_pickups_r_minus": 13,
        "bike_returns_r_plus": 0,
        "district_idx": 12,
        "is_hub": true,
        "marker-color": "#dcbeff",
        "marker-size": "large",
        "marker-symbol": "star",
        "net_flow": 13,
        "priority_tier": 4,
        "station_id": 436,
        "title": "Station #436 ★ (HUB)"
      },
      "type": "Feature"
    },
    {
      "geometry": {
        "coordinates": [
          -99.17602222,
          19.36480833
        ],
        "type": "Point"
      },
      "properties": {
        "bike_pickups_r_minus": 7,
        "bike_returns_r_plus": 0,
        "district_idx": 12,
        "is_hub": false,
        "marker-color": "#dcbeff",
        "marker-size": "medium",
        "marker-symbol": "bicycle",
        "net_flow": 7,
        "priority_tier": 3,
        "station_id": 437,
        "title": "Station #437 "
      },
      "type": "Feature"
    },
    {
      "geometry": {
        "coordinates": [
          [
            -99.17602222,
            19.36480833
          ],
          [
            -99.177819,
            19.366217
          ]
        ],
        "type": "LineString"
      },
      "properties": {
        "distance_meters": 245,
        "district_idx": 12,
        "stroke": "#dcbeff",
        "stroke-opacity": 0.5,
        "stroke-width": 1.5
      },
      "type": "Feature"
    },
    {
      "geometry": {
        "coordinates": [
          -99.17458333,
          19.36479722
        ],
        "type": "Point"
      },
      "properties": {
        "bike_pickups_r_minus": 0,
        "bike_returns_r_plus": 7,
        "district_idx": 12,
        "is_hub": false,
        "marker-color": "#dcbeff",
        "marker-size": "medium",
        "marker-symbol": "bicycle",
        "net_flow": -7,
        "priority_tier": 4,
        "station_id": 438,
        "title": "Station #438 "
      },
      "type": "Feature"
    },
    {
      "geometry": {
        "coordinates": [
          [
            -99.17458333,
            19.36479722
          ],
          [
            -99.177819,
            19.366217
          ]
        ],
        "type": "LineString"
      },
      "properties": {
        "distance_meters": 374,
        "district_idx": 12,
        "stroke": "#dcbeff",
        "stroke-opacity": 0.5,
        "stroke-width": 1.5
      },
      "type": "Feature"
    },
    {
      "geometry": {
        "coordinates": [
          -99.17246667,
          19.36218889
        ],
        "type": "Point"
      },
      "properties": {
        "bike_pickups_r_minus": 3,
        "bike_returns_r_plus": 0,
        "district_idx": 12,
        "is_hub": false,
        "marker-color": "#dcbeff",
        "marker-size": "medium",
        "marker-symbol": "bicycle",
        "net_flow": 3,
        "priority_tier": 3,
        "station_id": 439,
        "title": "Station #439 "
      },
      "type": "Feature"
    },
    {
      "geometry": {
        "coordinates": [
          [
            -99.17246667,
            19.36218889
          ],
          [
            -99.177819,
            19.366217
          ]
        ],
        "type": "LineString"
      },
      "properties": {
        "distance_meters": 718,
        "district_idx": 12,
        "stroke": "#dcbeff",
        "stroke-opacity": 0.5,
        "stroke-width": 1.5
      },
      "type": "Feature"
    },
    {
      "geometry": {
        "coordinates": [
          -99.168669,
          19.36065
        ],
        "type": "Point"
      },
      "properties": {
        "bike_pickups_r_minus": 0,
        "bike_returns_r_plus": 2,
        "district_idx": 12,
        "is_hub": false,
        "marker-color": "#dcbeff",
        "marker-size": "medium",
        "marker-symbol": "bicycle",
        "net_flow": -2,
        "priority_tier": 3,
        "station_id": 440,
        "title": "Station #440 "
      },
      "type": "Feature"
    },
    {
      "geometry": {
        "coordinates": [
          [
            -99.168669,
            19.36065
          ],
          [
            -99.177819,
            19.366217
          ]
        ],
        "type": "LineString"
      },
      "properties": {
        "distance_meters": 1142,
        "district_idx": 12,
        "stroke": "#dcbeff",
        "stroke-opacity": 0.5,
        "stroke-width": 1.5
      },
      "type": "Feature"
    },
    {
      "geometry": {
        "coordinates": [
          -99.167527,
          19.361215
        ],
        "type": "Point"
      },
      "properties": {
        "bike_pickups_r_minus": 0,
        "bike_returns_r_plus": 0,
        "district_idx": 12,
        "is_hub": false,
        "marker-color": "#dcbeff",
        "marker-size": "medium",
        "marker-symbol": "bicycle",
        "net_flow": 0,
        "priority_tier": 4,
        "station_id": 441,
        "title": "Station #441 "
      },
      "type": "Feature"
    },
    {
      "geometry": {
        "coordinates": [
          [
            -99.167527,
            19.361215
          ],
          [
            -99.177819,
            19.366217
          ]
        ],
        "type": "LineString"
      },
      "properties": {
        "distance_meters": 1215,
        "district_idx": 12,
        "stroke": "#dcbeff",
        "stroke-opacity": 0.5,
        "stroke-width": 1.5
      },
      "type": "Feature"
    }
  ],
  "name": "BSS_Ecobici_Districts_SOTA",
  "type": "FeatureCollection"
}